[    1/ 4000] elapsed     0s  n=1    hb run1
[    2/ 4000] elapsed     0s eta     0s  n=2    hb run1
[    3/ 4000] elapsed     1s eta  1998s  n=3    hb run1
[    4/ 4000] elapsed     1s eta  1332s  n=4    hb run1
[    5/ 4000] elapsed     1s eta   998s  n=5    hb run1
[    6/ 4000] elapsed     1s eta   798s  n=6    hb run1
[    7/ 4000] elapsed     1s eta   665s  n=7    hb run1
[    8/ 4000] elapsed     1s eta   570s  n=8    hb run1
[    9/ 4000] elapsed     1s eta   498s  n=9    hb run1
[   10/ 4000] elapsed     1s eta   443s  n=10   hb run1
[   11/ 4000] elapsed     1s eta   398s  n=11   hb run1
[   12/ 4000] elapsed     1s eta   362s  n=12   hb run1
[   13/ 4000] elapsed     1s eta   332s  n=13   hb run1
[   14/ 4000] elapsed     1s eta   306s  n=14   hb run1
[   15/ 4000] elapsed     1s eta   284s  n=15   hb run1
[   16/ 4000] elapsed     1s eta   265s  n=16   hb run1
[   17/ 4000] elapsed     1s eta   248s  n=17   hb run1
[   18/ 4000] elapsed     1s eta   234s  n=18   hb run1
[   19/ 4000] elapsed     1s eta   221s  n=19   hb run1
[   20/ 4000] elapsed     2s eta   418s  n=20   hb run1
[   21/ 4000] elapsed     2s eta   397s  n=21   hb run1
[   22/ 4000] elapsed     2s eta   378s  n=22   hb run1
[   23/ 4000] elapsed     2s eta   361s  n=23   hb run1
[   24/ 4000] elapsed     2s eta   345s  n=24   hb run1
[   25/ 4000] elapsed     2s eta   331s  n=25   hb run1
[   26/ 4000] elapsed     2s eta   317s  n=26   hb run1
[   27/ 4000] elapsed     2s eta   305s  n=27   hb run1
[   28/ 4000] elapsed     3s eta   441s  n=28   hb run1
[   29/ 4000] elapsed     3s eta   425s  n=29   hb run1
[   30/ 4000] elapsed     3s eta   410s  n=30   hb run1
[   31/ 4000] elapsed     3s eta   396s  n=31   hb run1
[   32/ 4000] elapsed     3s eta   384s  n=32   hb run1
[   33/ 4000] elapsed     3s eta   371s  n=33   hb run1
[   34/ 4000] elapsed     4s eta   480s  n=34   hb run1
[   35/ 4000] elapsed     4s eta   466s  n=35   hb run1
[   36/ 4000] elapsed     4s eta   453s  n=37   hb run1
[   37/ 4000] elapsed     4s eta   440s  n=38   hb run1
[   38/ 4000] elapsed     4s eta   428s  n=39   hb run1
[   39/ 4000] elapsed     4s eta   416s  n=40   hb run1
[   40/ 4000] elapsed     5s eta   507s  n=42   hb run1
[   41/ 4000] elapsed     5s eta   494s  n=43   hb run1
[   42/ 4000] elapsed     5s eta   482s  n=45   hb run1
[   43/ 4000] elapsed     5s eta   471s  n=46   hb run1
[   44/ 4000] elapsed     6s eta   552s  n=48   hb run1
[   45/ 4000] elapsed     6s eta   539s  n=49   hb run1
[   46/ 4000] elapsed     6s eta   527s  n=51   hb run1
[   47/ 4000] elapsed     6s eta   515s  n=53   hb run1
[   48/ 4000] elapsed     7s eta   588s  n=54   hb run1
[   49/ 4000] elapsed     7s eta   576s  n=56   hb run1
[   50/ 4000] elapsed     7s eta   564s  n=58   hb run1
[   51/ 4000] elapsed     8s eta   631s  n=60   hb run1
[   52/ 4000] elapsed     8s eta   619s  n=62   hb run1
[   53/ 4000] elapsed     8s eta   607s  n=64   hb run1
[   54/ 4000] elapsed     9s eta   670s  n=66   hb run1
[   55/ 4000] elapsed     9s eta   657s  n=68   hb run1
[   56/ 4000] elapsed     9s eta   645s  n=71   hb run1
[   57/ 4000] elapsed    10s eta   704s  n=73   hb run1
[   58/ 4000] elapsed    10s eta   691s  n=75   hb run1
[   59/ 4000] elapsed    11s eta   747s  n=78   hb run1
[   60/ 4000] elapsed    11s eta   734s  n=81   hb run1
[   61/ 4000] elapsed    12s eta   787s  n=83   hb run1
[   62/ 4000] elapsed    12s eta   774s  n=86   hb run1
[   63/ 4000] elapsed    13s eta   825s  n=89   hb run1
[   64/ 4000] elapsed    13s eta   812s  n=92   hb run1
[   65/ 4000] elapsed    14s eta   860s  n=95   hb run1
[   66/ 4000] elapsed    14s eta   847s  n=98   hb run1
[   67/ 4000] elapsed    15s eta   893s  n=102  hb run1
[   68/ 4000] elapsed    15s eta   880s  n=105  hb run1
[   69/ 4000] elapsed    16s eta   924s  n=109  hb run1
[   70/ 4000] elapsed    17s eta   968s  n=112  hb run1
[   71/ 4000] elapsed    17s eta   954s  n=116  hb run1
[   72/ 4000] elapsed    18s eta   995s  n=120  hb run1
[   73/ 4000] elapsed    19s eta  1036s  n=124  hb run1
[   74/ 4000] elapsed    19s eta  1021s  n=128  hb run1
[   75/ 4000] elapsed    20s eta  1060s  n=132  hb run1
[   76/ 4000] elapsed    21s eta  1098s  n=137  hb run1
[   77/ 4000] elapsed    21s eta  1083s  n=141  hb run1
[   78/ 4000] elapsed    22s eta  1120s  n=146  hb run1
[   79/ 4000] elapsed    23s eta  1156s  n=151  hb run1
[   80/ 4000] elapsed    24s eta  1190s  n=156  hb run1
[   81/ 4000] elapsed    25s eta  1224s  n=161  hb run1
[   82/ 4000] elapsed    26s eta  1257s  n=167  hb run1
[   83/ 4000] elapsed    27s eta  1289s  n=172  hb run1
[   84/ 4000] elapsed    28s eta  1321s  n=178  hb run1
[   85/ 4000] elapsed    29s eta  1351s  n=184  hb run1
[   86/ 4000] elapsed    30s eta  1381s  n=190  hb run1
[   87/ 4000] elapsed    31s eta  1410s  n=197  hb run1
[   88/ 4000] elapsed    32s eta  1438s  n=203  hb run1
[   89/ 4000] elapsed    34s eta  1511s  n=210  hb run1
[   90/ 4000] elapsed    35s eta  1537s  n=217  hb run1
[   91/ 4000] elapsed    36s eta  1563s  n=224  hb run1
[   92/ 4000] elapsed    38s eta  1631s  n=232  hb run1
[   93/ 4000] elapsed    39s eta  1656s  n=240  hb run1
[   94/ 4000] elapsed    40s eta  1680s  n=248  hb run1
[   95/ 4000] elapsed    42s eta  1744s  n=256  hb run1
[   96/ 4000] elapsed    44s eta  1808s  n=265  hb run1
[   97/ 4000] elapsed    45s eta  1829s  n=273  hb run1
[   98/ 4000] elapsed    47s eta  1890s  n=283  hb run1
[   99/ 4000] elapsed    49s eta  1950s  n=292  hb run1
[  100/ 4000] elapsed    50s eta  1969s  n=302  hb run1
[  101/ 4000] elapsed    52s eta  2027s  n=312  hb run1
[  102/ 4000] elapsed    54s eta  2084s  n=323  hb run1
[  103/ 4000] elapsed    56s eta  2139s  n=333  hb run1
[  104/ 4000] elapsed    58s eta  2193s  n=345  hb run1
[  105/ 4000] elapsed    60s eta  2247s  n=356  hb run1
[  106/ 4000] elapsed    63s eta  2336s  n=368  hb run1
[  107/ 4000] elapsed    65s eta  2387s  n=380  hb run1
[  108/ 4000] elapsed    67s eta  2437s  n=393  hb run1
[  109/ 4000] elapsed    70s eta  2521s  n=406  hb run1
[  110/ 4000] elapsed    72s eta  2569s  n=420  hb run1
[  111/ 4000] elapsed    75s eta  2651s  n=434  hb run1
[  112/ 4000] elapsed    78s eta  2732s  n=449  hb run1
[  113/ 4000] elapsed    81s eta  2811s  n=464  hb run1
[  114/ 4000] elapsed    84s eta  2888s  n=479  hb run1
[  115/ 4000] elapsed    87s eta  2964s  n=495  hb run1
[  116/ 4000] elapsed    90s eta  3039s  n=512  hb run1
[  117/ 4000] elapsed    94s eta  3146s  n=529  hb run1
[  118/ 4000] elapsed    97s eta  3218s  n=547  hb run1
[  119/ 4000] elapsed   101s eta  3321s  n=565  hb run1
[  120/ 4000] elapsed   105s eta  3423s  n=584  hb run1
[  121/ 4000] elapsed   109s eta  3523s  n=604  hb run1
[  122/ 4000] elapsed   113s eta  3621s  n=624  hb run1
[  123/ 4000] elapsed   117s eta  3718s  n=645  hb run1
[  124/ 4000] elapsed   122s eta  3844s  n=667  hb run1
[  125/ 4000] elapsed   126s eta  3937s  n=689  hb run1
[  126/ 4000] elapsed   131s eta  4059s  n=712  hb run1
[  127/ 4000] elapsed   136s eta  4180s  n=736  hb run1
[  128/ 4000] elapsed   141s eta  4298s  n=761  hb run1
[  129/ 4000] elapsed   146s eta  4415s  n=786  hb run1
[  130/ 4000] elapsed   152s eta  4560s  n=813  hb run1
[  131/ 4000] elapsed   157s eta  4672s  n=840  hb run1
[  132/ 4000] elapsed   163s eta  4812s  n=868  hb run1
[  133/ 4000] elapsed   169s eta  4950s  n=897  hb run1
[  134/ 4000] elapsed   176s eta  5115s  n=927  hb run1
[  135/ 4000] elapsed   182s eta  5249s  n=959  hb run1
[  136/ 4000] elapsed   189s eta  5409s  n=991  hb run1
[  137/ 4000] elapsed   196s eta  5567s  n=1024 hb run1
[  138/ 4000] elapsed   203s eta  5722s  n=1058 hb run1
[  139/ 4000] elapsed   211s eta  5903s  n=1094 hb run1
[  140/ 4000] elapsed   218s eta  6053s  n=1131 hb run1
[  141/ 4000] elapsed   226s eta  6229s  n=1169 hb run1
[  142/ 4000] elapsed   235s eta  6430s  n=1208 hb run1
[  143/ 4000] elapsed   243s eta  6600s  n=1248 hb run1
[  144/ 4000] elapsed   253s eta  6822s  n=1290 hb run1
[  145/ 4000] elapsed   262s eta  7013s  n=1333 hb run1
[  146/ 4000] elapsed   271s eta  7202s  n=1378 hb run1
[  147/ 4000] elapsed   281s eta  7415s  n=1424 hb run1
[  148/ 4000] elapsed   291s eta  7625s  n=1472 hb run1
[  149/ 4000] elapsed   302s eta  7858s  n=1522 hb run1
[  150/ 4000] elapsed   313s eta  8087s  n=1573 hb run1
[  151/ 4000] elapsed   324s eta  8313s  n=1625 hb run1
[  152/ 4000] elapsed   335s eta  8536s  n=1680 hb run1
[  153/ 4000] elapsed   347s eta  8782s  n=1736 hb run1
[  154/ 4000] elapsed   360s eta  9049s  n=1795 hb run1
[  155/ 4000] elapsed   373s eta  9312s  n=1855 hb run1
[  156/ 4000] elapsed   386s eta  9572s  n=1917 hb run1
[  157/ 4000] elapsed   400s eta  9853s  n=1982 hb run1
[  158/ 4000] elapsed   415s eta 10155s  n=2048 hb run1
[  159/ 4000] elapsed   429s eta 10429s  n=2117 hb run1
[  160/ 4000] elapsed   445s eta 10747s  n=2188 hb run1
[  161/ 4000] elapsed   460s eta 11037s  n=2261 hb run1
[  162/ 4000] elapsed   477s eta 11370s  n=2337 hb run1
[  163/ 4000] elapsed   494s eta 11700s  n=2415 hb run1
[  164/ 4000] elapsed   512s eta 12049s  n=2497 hb run1
[  165/ 4000] elapsed   531s eta 12416s  n=2580 hb run1
[  166/ 4000] elapsed   550s eta 12780s  n=2667 hb run1
[  167/ 4000] elapsed   571s eta 13184s  n=2756 hb run1
[  168/ 4000] elapsed   591s eta 13561s  n=2849 hb run1
[  169/ 4000] elapsed   614s eta 14001s  n=2945 hb run1
[  170/ 4000] elapsed   639s eta 14481s  n=3043 hb run1
[  171/ 4000] elapsed   664s eta 14955s  n=3145 hb run1
[  172/ 4000] elapsed   689s eta 15423s  n=3251 hb run1
[  173/ 4000] elapsed   715s eta 15908s  n=3360 hb run1
[  174/ 4000] elapsed   742s eta 16409s  n=3473 hb run1
[  175/ 4000] elapsed   771s eta 16948s  n=3589 hb run1
[  176/ 4000] elapsed   800s eta 17481s  n=3710 hb run1
[  177/ 4000] elapsed   831s eta 18050s  n=3834 hb run1
[  178/ 4000] elapsed   862s eta 18613s  n=3963 hb run1
[  179/ 4000] elapsed   895s eta 19212s  n=4096 hb run1
[  180/ 4000] elapsed   929s eta 19825s  n=4233 hb run1
[  181/ 4000] elapsed   965s eta 20474s  n=4376 hb run1
[  182/ 4000] elapsed  1002s eta 21136s  n=4522 hb run1
[  183/ 4000] elapsed  1041s eta 21832s  n=4674 hb run1
[  184/ 4000] elapsed  1082s eta 22562s  n=4831 hb run1
[  185/ 4000] elapsed  1125s eta 23325s  n=4993 hb run1
[  186/ 4000] elapsed  1170s eta 24120s  n=5161 hb run1
[  187/ 4000] elapsed  1216s eta 24928s  n=5334 hb run1
[  188/ 4000] elapsed  1265s eta 25787s  n=5513 hb run1
[  189/ 4000] elapsed  1315s eta 26656s  n=5698 hb run1
[  190/ 4000] elapsed  1368s eta 27577s  n=5889 hb run1
[  191/ 4000] elapsed  1424s eta 28547s  n=6087 hb run1
[  192/ 4000] elapsed  1483s eta 29566s  n=6291 hb run1
[  193/ 4000] elapsed  1543s eta 30594s  n=6502 hb run1
[  194/ 4000] elapsed  1605s eta 31650s  n=6720 hb run1
[  195/ 4000] elapsed  1671s eta 32773s  n=6946 hb run1
[  196/ 4000] elapsed  1739s eta 33923s  n=7179 hb run1
[  197/ 4000] elapsed  1811s eta 35138s  n=7420 hb run1
[  198/ 4000] elapsed  1885s eta 36379s  n=7669 hb run1
[  199/ 4000] elapsed  1962s eta 37664s  n=7926 hb run1
[  200/ 4000] elapsed  2042s eta 38992s  n=8192 hb run1
[  201/ 4000] elapsed  2127s eta 40402s  n=1    hs run1
[  202/ 4000] elapsed  2127s eta 40190s  n=2    hs run1
[  203/ 4000] elapsed  2127s eta 39981s  n=3    hs run1
[  204/ 4000] elapsed  2127s eta 39773s  n=4    hs run1
[  205/ 4000] elapsed  2127s eta 39568s  n=5    hs run1
[  206/ 4000] elapsed  2127s eta 39365s  n=6    hs run1
[  207/ 4000] elapsed  2127s eta 39163s  n=7    hs run1
[  208/ 4000] elapsed  2127s eta 38964s  n=8    hs run1
[  209/ 4000] elapsed  2127s eta 38766s  n=9    hs run1
[  210/ 4000] elapsed  2127s eta 38570s  n=10   hs run1
[  211/ 4000] elapsed  2127s eta 38377s  n=11   hs run1
[  212/ 4000] elapsed  2127s eta 38185s  n=12   hs run1
[  213/ 4000] elapsed  2127s eta 37995s  n=13   hs run1
[  214/ 4000] elapsed  2127s eta 37806s  n=14   hs run1
[  215/ 4000] elapsed  2127s eta 37620s  n=15   hs run1
[  216/ 4000] elapsed  2127s eta 37435s  n=16   hs run1
[  217/ 4000] elapsed  2128s eta 37269s  n=17   hs run1
[  218/ 4000] elapsed  2128s eta 37088s  n=18   hs run1
[  219/ 4000] elapsed  2128s eta 36908s  n=19   hs run1
[  220/ 4000] elapsed  2128s eta 36729s  n=20   hs run1
[  221/ 4000] elapsed  2128s eta 36553s  n=21   hs run1
[  222/ 4000] elapsed  2128s eta 36378s  n=22   hs run1
[  223/ 4000] elapsed  2128s eta 36204s  n=23   hs run1
[  224/ 4000] elapsed  2128s eta 36032s  n=24   hs run1
[  225/ 4000] elapsed  2129s eta 35879s  n=25   hs run1
[  226/ 4000] elapsed  2129s eta 35710s  n=26   hs run1
[  227/ 4000] elapsed  2129s eta 35542s  n=27   hs run1
[  228/ 4000] elapsed  2129s eta 35377s  n=28   hs run1
[  229/ 4000] elapsed  2129s eta 35212s  n=29   hs run1
[  230/ 4000] elapsed  2129s eta 35049s  n=30   hs run1
[  231/ 4000] elapsed  2129s eta 34887s  n=31   hs run1
[  232/ 4000] elapsed  2130s eta 34743s  n=32   hs run1
[  233/ 4000] elapsed  2130s eta 34584s  n=33   hs run1
[  234/ 4000] elapsed  2130s eta 34427s  n=34   hs run1
[  235/ 4000] elapsed  2130s eta 34271s  n=35   hs run1
[  236/ 4000] elapsed  2130s eta 34116s  n=37   hs run1
[  237/ 4000] elapsed  2131s eta 33978s  n=38   hs run1
[  238/ 4000] elapsed  2131s eta 33826s  n=39   hs run1
[  239/ 4000] elapsed  2131s eta 33675s  n=40   hs run1
[  240/ 4000] elapsed  2131s eta 33525s  n=42   hs run1
[  241/ 4000] elapsed  2132s eta 33392s  n=43   hs run1
[  242/ 4000] elapsed  2132s eta 33245s  n=45   hs run1
[  243/ 4000] elapsed  2132s eta 33098s  n=46   hs run1
[  244/ 4000] elapsed  2132s eta 32953s  n=48   hs run1
[  245/ 4000] elapsed  2133s eta 32825s  n=49   hs run1
[  246/ 4000] elapsed  2133s eta 32682s  n=51   hs run1
[  247/ 4000] elapsed  2133s eta 32541s  n=53   hs run1
[  248/ 4000] elapsed  2133s eta 32400s  n=54   hs run1
[  249/ 4000] elapsed  2134s eta 32276s  n=56   hs run1
[  250/ 4000] elapsed  2134s eta 32138s  n=58   hs run1
[  251/ 4000] elapsed  2134s eta 32001s  n=60   hs run1
[  252/ 4000] elapsed  2135s eta 31880s  n=62   hs run1
[  253/ 4000] elapsed  2135s eta 31745s  n=64   hs run1
[  254/ 4000] elapsed  2136s eta 31626s  n=66   hs run1
[  255/ 4000] elapsed  2136s eta 31493s  n=68   hs run1
[  256/ 4000] elapsed  2136s eta 31361s  n=71   hs run1
[  257/ 4000] elapsed  2137s eta 31245s  n=73   hs run1
[  258/ 4000] elapsed  2137s eta 31115s  n=75   hs run1
[  259/ 4000] elapsed  2138s eta 31001s  n=78   hs run1
[  260/ 4000] elapsed  2138s eta 30873s  n=81   hs run1
[  261/ 4000] elapsed  2139s eta 30760s  n=83   hs run1
[  262/ 4000] elapsed  2139s eta 30634s  n=86   hs run1
[  263/ 4000] elapsed  2140s eta 30523s  n=89   hs run1
[  264/ 4000] elapsed  2140s eta 30399s  n=92   hs run1
[  265/ 4000] elapsed  2141s eta 30290s  n=95   hs run1
[  266/ 4000] elapsed  2141s eta 30167s  n=98   hs run1
[  267/ 4000] elapsed  2142s eta 30060s  n=102  hs run1
[  268/ 4000] elapsed  2143s eta 29953s  n=105  hs run1
[  269/ 4000] elapsed  2143s eta 29834s  n=109  hs run1
[  270/ 4000] elapsed  2144s eta 29729s  n=112  hs run1
[  271/ 4000] elapsed  2145s eta 29624s  n=116  hs run1
[  272/ 4000] elapsed  2145s eta 29507s  n=120  hs run1
[  273/ 4000] elapsed  2146s eta 29404s  n=124  hs run1
[  274/ 4000] elapsed  2147s eta 29303s  n=128  hs run1
[  275/ 4000] elapsed  2148s eta 29201s  n=132  hs run1
[  276/ 4000] elapsed  2148s eta 29087s  n=137  hs run1
[  277/ 4000] elapsed  2149s eta 28988s  n=141  hs run1
[  278/ 4000] elapsed  2150s eta 28889s  n=146  hs run1
[  279/ 4000] elapsed  2151s eta 28790s  n=151  hs run1
[  280/ 4000] elapsed  2152s eta 28693s  n=156  hs run1
[  281/ 4000] elapsed  2153s eta 28596s  n=161  hs run1
[  282/ 4000] elapsed  2154s eta 28500s  n=167  hs run1
[  283/ 4000] elapsed  2155s eta 28404s  n=172  hs run1
[  284/ 4000] elapsed  2156s eta 28309s  n=178  hs run1
[  285/ 4000] elapsed  2157s eta 28215s  n=184  hs run1
[  286/ 4000] elapsed  2159s eta 28135s  n=190  hs run1
[  287/ 4000] elapsed  2160s eta 28042s  n=197  hs run1
[  288/ 4000] elapsed  2161s eta 27949s  n=203  hs run1
[  289/ 4000] elapsed  2162s eta 27858s  n=210  hs run1
[  290/ 4000] elapsed  2164s eta 27780s  n=217  hs run1
[  291/ 4000] elapsed  2165s eta 27689s  n=224  hs run1
[  292/ 4000] elapsed  2167s eta 27612s  n=232  hs run1
[  293/ 4000] elapsed  2168s eta 27523s  n=240  hs run1
[  294/ 4000] elapsed  2170s eta 27447s  n=248  hs run1
[  295/ 4000] elapsed  2171s eta 27359s  n=256  hs run1
[  296/ 4000] elapsed  2173s eta 27284s  n=265  hs run1
[  297/ 4000] elapsed  2175s eta 27209s  n=273  hs run1
[  298/ 4000] elapsed  2177s eta 27135s  n=283  hs run1
[  299/ 4000] elapsed  2178s eta 27049s  n=292  hs run1
[  300/ 4000] elapsed  2180s eta 26976s  n=302  hs run1
[  301/ 4000] elapsed  2182s eta 26904s  n=312  hs run1
[  302/ 4000] elapsed  2184s eta 26832s  n=323  hs run1
[  303/ 4000] elapsed  2187s eta 26772s  n=333  hs run1
[  304/ 4000] elapsed  2189s eta 26701s  n=345  hs run1
[  305/ 4000] elapsed  2191s eta 26630s  n=356  hs run1
[  306/ 4000] elapsed  2194s eta 26572s  n=368  hs run1
[  307/ 4000] elapsed  2196s eta 26502s  n=380  hs run1
[  308/ 4000] elapsed  2199s eta 26445s  n=393  hs run1
[  309/ 4000] elapsed  2201s eta 26376s  n=406  hs run1
[  310/ 4000] elapsed  2204s eta 26319s  n=420  hs run1
[  311/ 4000] elapsed  2207s eta 26263s  n=434  hs run1
[  312/ 4000] elapsed  2210s eta 26207s  n=449  hs run1
[  313/ 4000] elapsed  2213s eta 26151s  n=464  hs run1
[  314/ 4000] elapsed  2216s eta 26096s  n=479  hs run1
[  315/ 4000] elapsed  2219s eta 26041s  n=495  hs run1
[  316/ 4000] elapsed  2223s eta 25998s  n=512  hs run1
[  317/ 4000] elapsed  2226s eta 25944s  n=529  hs run1
[  318/ 4000] elapsed  2230s eta 25901s  n=547  hs run1
[  319/ 4000] elapsed  2234s eta 25859s  n=565  hs run1
[  320/ 4000] elapsed  2238s eta 25817s  n=584  hs run1
[  321/ 4000] elapsed  2242s eta 25775s  n=604  hs run1
[  322/ 4000] elapsed  2247s eta 25746s  n=624  hs run1
[  323/ 4000] elapsed  2251s eta 25704s  n=645  hs run1
[  324/ 4000] elapsed  2256s eta 25675s  n=667  hs run1
[  325/ 4000] elapsed  2261s eta 25645s  n=689  hs run1
[  326/ 4000] elapsed  2266s eta 25616s  n=712  hs run1
[  327/ 4000] elapsed  2271s eta 25587s  n=736  hs run1
[  328/ 4000] elapsed  2277s eta 25569s  n=761  hs run1
[  329/ 4000] elapsed  2283s eta 25551s  n=786  hs run1
[  330/ 4000] elapsed  2288s eta 25522s  n=813  hs run1
[  331/ 4000] elapsed  2294s eta 25505s  n=840  hs run1
[  332/ 4000] elapsed  2301s eta 25498s  n=868  hs run1
[  333/ 4000] elapsed  2307s eta 25481s  n=897  hs run1
[  334/ 4000] elapsed  2314s eta 25474s  n=927  hs run1
[  335/ 4000] elapsed  2321s eta 25468s  n=959  hs run1
[  336/ 4000] elapsed  2328s eta 25462s  n=991  hs run1
[  337/ 4000] elapsed  2335s eta 25455s  n=1024 hs run1
[  338/ 4000] elapsed  2343s eta 25460s  n=1058 hs run1
[  339/ 4000] elapsed  2351s eta 25464s  n=1094 hs run1
[  340/ 4000] elapsed  2359s eta 25468s  n=1131 hs run1
[  341/ 4000] elapsed  2368s eta 25483s  n=1169 hs run1
[  342/ 4000] elapsed  2377s eta 25498s  n=1208 hs run1
[  343/ 4000] elapsed  2386s eta 25513s  n=1248 hs run1
[  344/ 4000] elapsed  2396s eta 25538s  n=1290 hs run1
[  345/ 4000] elapsed  2405s eta 25553s  n=1333 hs run1
[  346/ 4000] elapsed  2416s eta 25588s  n=1378 hs run1
[  347/ 4000] elapsed  2426s eta 25613s  n=1424 hs run1
[  348/ 4000] elapsed  2437s eta 25648s  n=1472 hs run1
[  349/ 4000] elapsed  2449s eta 25693s  n=1522 hs run1
[  350/ 4000] elapsed  2460s eta 25727s  n=1573 hs run1
[  351/ 4000] elapsed  2473s eta 25782s  n=1625 hs run1
[  352/ 4000] elapsed  2485s eta 25827s  n=1680 hs run1
[  353/ 4000] elapsed  2498s eta 25881s  n=1736 hs run1
[  354/ 4000] elapsed  2512s eta 25945s  n=1795 hs run1
[  355/ 4000] elapsed  2525s eta 25998s  n=1855 hs run1
[  356/ 4000] elapsed  2540s eta 26072s  n=1917 hs run1
[  357/ 4000] elapsed  2555s eta 26145s  n=1982 hs run1
[  358/ 4000] elapsed  2570s eta 26218s  n=2048 hs run1
[  359/ 4000] elapsed  2586s eta 26300s  n=2117 hs run1
[  360/ 4000] elapsed  2603s eta 26392s  n=2188 hs run1
[  361/ 4000] elapsed  2620s eta 26483s  n=2261 hs run1
[  362/ 4000] elapsed  2638s eta 26584s  n=2337 hs run1
[  363/ 4000] elapsed  2656s eta 26684s  n=2415 hs run1
[  364/ 4000] elapsed  2675s eta 26794s  n=2497 hs run1
[  365/ 4000] elapsed  2696s eta 26922s  n=2580 hs run1
[  366/ 4000] elapsed  2716s eta 27040s  n=2667 hs run1
[  367/ 4000] elapsed  2737s eta 27168s  n=2756 hs run1
[  368/ 4000] elapsed  2759s eta 27304s  n=2849 hs run1
[  369/ 4000] elapsed  2782s eta 27449s  n=2945 hs run1
[  370/ 4000] elapsed  2805s eta 27593s  n=3043 hs run1
[  371/ 4000] elapsed  2830s eta 27756s  n=3145 hs run1
[  372/ 4000] elapsed  2855s eta 27918s  n=3251 hs run1
[  373/ 4000] elapsed  2881s eta 28089s  n=3360 hs run1
[  374/ 4000] elapsed  2909s eta 28278s  n=3473 hs run1
[  375/ 4000] elapsed  2937s eta 28466s  n=3589 hs run1
[  376/ 4000] elapsed  2966s eta 28663s  n=3710 hs run1
[  377/ 4000] elapsed  2997s eta 28878s  n=3834 hs run1
[  378/ 4000] elapsed  3029s eta 29100s  n=3963 hs run1
[  379/ 4000] elapsed  3062s eta 29332s  n=4096 hs run1
[  380/ 4000] elapsed  3096s eta 29571s  n=4233 hs run1
[  381/ 4000] elapsed  3132s eta 29828s  n=4376 hs run1
[  382/ 4000] elapsed  3170s eta 30102s  n=4522 hs run1
[  383/ 4000] elapsed  3209s eta 30384s  n=4674 hs run1
[  384/ 4000] elapsed  3250s eta 30684s  n=4831 hs run1
[  385/ 4000] elapsed  3293s eta 31000s  n=4993 hs run1
[  386/ 4000] elapsed  3338s eta 31333s  n=5161 hs run1
[  387/ 4000] elapsed  3385s eta 31683s  n=5334 hs run1
[  388/ 4000] elapsed  3434s eta 32050s  n=5513 hs run1
[  389/ 4000] elapsed  3485s eta 32433s  n=5698 hs run1
[  390/ 4000] elapsed  3538s eta 32833s  n=5889 hs run1
[  391/ 4000] elapsed  3593s eta 33249s  n=6087 hs run1
[  392/ 4000] elapsed  3652s eta 33699s  n=6291 hs run1
[  393/ 4000] elapsed  3712s eta 34156s  n=6502 hs run1
[  394/ 4000] elapsed  3776s eta 34646s  n=6720 hs run1
[  395/ 4000] elapsed  3841s eta 35144s  n=6946 hs run1
[  396/ 4000] elapsed  3910s eta 35675s  n=7179 hs run1
[  397/ 4000] elapsed  3982s eta 36230s  n=7420 hs run1
[  398/ 4000] elapsed  4056s eta 36800s  n=7669 hs run1
[  399/ 4000] elapsed  4134s eta 37403s  n=7926 hs run1
[  400/ 4000] elapsed  4215s eta 38030s  n=8192 hs run1
[  401/ 4000] elapsed  4299s eta 38680s  n=1    cb run1
[  402/ 4000] elapsed  4299s eta 38573s  n=2    cb run1
[  403/ 4000] elapsed  4299s eta 38466s  n=3    cb run1
[  404/ 4000] elapsed  4299s eta 38360s  n=4    cb run1
[  405/ 4000] elapsed  4300s eta 38263s  n=5    cb run1
[  406/ 4000] elapsed  4300s eta 38158s  n=6    cb run1
[  407/ 4000] elapsed  4300s eta 38053s  n=7    cb run1
[  408/ 4000] elapsed  4300s eta 37949s  n=8    cb run1
[  409/ 4000] elapsed  4300s eta 37846s  n=9    cb run1
[  410/ 4000] elapsed  4300s eta 37743s  n=10   cb run1
[  411/ 4000] elapsed  4300s eta 37640s  n=11   cb run1
[  412/ 4000] elapsed  4300s eta 37538s  n=12   cb run1
[  413/ 4000] elapsed  4300s eta 37437s  n=13   cb run1
[  414/ 4000] elapsed  4300s eta 37336s  n=14   cb run1
[  415/ 4000] elapsed  4300s eta 37235s  n=15   cb run1
[  416/ 4000] elapsed  4300s eta 37135s  n=16   cb run1
[  417/ 4000] elapsed  4300s eta 37035s  n=17   cb run1
[  418/ 4000] elapsed  4301s eta 36945s  n=18   cb run1
[  419/ 4000] elapsed  4301s eta 36846s  n=19   cb run1
[  420/ 4000] elapsed  4301s eta 36748s  n=20   cb run1
[  421/ 4000] elapsed  4301s eta 36650s  n=21   cb run1
[  422/ 4000] elapsed  4301s eta 36553s  n=22   cb run1
[  423/ 4000] elapsed  4301s eta 36456s  n=23   cb run1
[  424/ 4000] elapsed  4301s eta 36360s  n=24   cb run1
[  425/ 4000] elapsed  4301s eta 36264s  n=25   cb run1
[  426/ 4000] elapsed  4302s eta 36177s  n=26   cb run1
[  427/ 4000] elapsed  4302s eta 36082s  n=27   cb run1
[  428/ 4000] elapsed  4302s eta 35987s  n=28   cb run1
[  429/ 4000] elapsed  4302s eta 35893s  n=29   cb run1
[  430/ 4000] elapsed  4302s eta 35799s  n=30   cb run1
[  431/ 4000] elapsed  4303s eta 35714s  n=31   cb run1
[  432/ 4000] elapsed  4303s eta 35622s  n=32   cb run1
[  433/ 4000] elapsed  4303s eta 35529s  n=33   cb run1
[  434/ 4000] elapsed  4303s eta 35437s  n=34   cb run1
[  435/ 4000] elapsed  4303s eta 35346s  n=35   cb run1
[  436/ 4000] elapsed  4304s eta 35263s  n=37   cb run1
[  437/ 4000] elapsed  4304s eta 35172s  n=38   cb run1
[  438/ 4000] elapsed  4304s eta 35082s  n=39   cb run1
[  439/ 4000] elapsed  4304s eta 34992s  n=40   cb run1
[  440/ 4000] elapsed  4305s eta 34910s  n=42   cb run1
[  441/ 4000] elapsed  4305s eta 34821s  n=43   cb run1
[  442/ 4000] elapsed  4305s eta 34732s  n=45   cb run1
[  443/ 4000] elapsed  4305s eta 34644s  n=46   cb run1
[  444/ 4000] elapsed  4306s eta 34564s  n=48   cb run1
[  445/ 4000] elapsed  4306s eta 34477s  n=49   cb run1
[  446/ 4000] elapsed  4306s eta 34389s  n=51   cb run1
[  447/ 4000] elapsed  4307s eta 34311s  n=53   cb run1
[  448/ 4000] elapsed  4307s eta 34224s  n=54   cb run1
[  449/ 4000] elapsed  4307s eta 34138s  n=56   cb run1
[  450/ 4000] elapsed  4308s eta 34061s  n=58   cb run1
[  451/ 4000] elapsed  4308s eta 33975s  n=60   cb run1
[  452/ 4000] elapsed  4308s eta 33890s  n=62   cb run1
[  453/ 4000] elapsed  4309s eta 33814s  n=64   cb run1
[  454/ 4000] elapsed  4309s eta 33730s  n=66   cb run1
[  455/ 4000] elapsed  4310s eta 33654s  n=68   cb run1
[  456/ 4000] elapsed  4310s eta 33570s  n=71   cb run1
[  457/ 4000] elapsed  4310s eta 33487s  n=73   cb run1
[  458/ 4000] elapsed  4311s eta 33412s  n=75   cb run1
[  459/ 4000] elapsed  4311s eta 33330s  n=78   cb run1
[  460/ 4000] elapsed  4312s eta 33255s  n=81   cb run1
[  461/ 4000] elapsed  4312s eta 33174s  n=83   cb run1
[  462/ 4000] elapsed  4313s eta 33100s  n=86   cb run1
[  463/ 4000] elapsed  4313s eta 33019s  n=89   cb run1
[  464/ 4000] elapsed  4314s eta 32946s  n=92   cb run1
[  465/ 4000] elapsed  4314s eta 32866s  n=95   cb run1
[  466/ 4000] elapsed  4315s eta 32794s  n=98   cb run1
[  467/ 4000] elapsed  4316s eta 32721s  n=102  cb run1
[  468/ 4000] elapsed  4316s eta 32642s  n=105  cb run1
[  469/ 4000] elapsed  4317s eta 32571s  n=109  cb run1
[  470/ 4000] elapsed  4318s eta 32500s  n=112  cb run1
[  471/ 4000] elapsed  4318s eta 32421s  n=116  cb run1
[  472/ 4000] elapsed  4319s eta 32351s  n=120  cb run1
[  473/ 4000] elapsed  4320s eta 32281s  n=124  cb run1
[  474/ 4000] elapsed  4321s eta 32211s  n=128  cb run1
[  475/ 4000] elapsed  4322s eta 32141s  n=132  cb run1
[  476/ 4000] elapsed  4322s eta 32064s  n=137  cb run1
[  477/ 4000] elapsed  4323s eta 31995s  n=141  cb run1
[  478/ 4000] elapsed  4324s eta 31926s  n=146  cb run1
[  479/ 4000] elapsed  4325s eta 31858s  n=151  cb run1
[  480/ 4000] elapsed  4326s eta 31790s  n=156  cb run1
[  481/ 4000] elapsed  4327s eta 31722s  n=161  cb run1
[  482/ 4000] elapsed  4328s eta 31654s  n=167  cb run1
[  483/ 4000] elapsed  4329s eta 31587s  n=172  cb run1
[  484/ 4000] elapsed  4330s eta 31520s  n=178  cb run1
[  485/ 4000] elapsed  4332s eta 31460s  n=184  cb run1
[  486/ 4000] elapsed  4333s eta 31394s  n=190  cb run1
[  487/ 4000] elapsed  4334s eta 31327s  n=197  cb run1
[  488/ 4000] elapsed  4335s eta 31261s  n=203  cb run1
[  489/ 4000] elapsed  4337s eta 31203s  n=210  cb run1
[  490/ 4000] elapsed  4338s eta 31137s  n=217  cb run1
[  491/ 4000] elapsed  4339s eta 31072s  n=224  cb run1
[  492/ 4000] elapsed  4341s eta 31014s  n=232  cb run1
[  493/ 4000] elapsed  4342s eta 30949s  n=240  cb run1
[  494/ 4000] elapsed  4344s eta 30892s  n=248  cb run1
[  495/ 4000] elapsed  4346s eta 30835s  n=256  cb run1
[  496/ 4000] elapsed  4347s eta 30771s  n=265  cb run1
[  497/ 4000] elapsed  4349s eta 30714s  n=273  cb run1
[  498/ 4000] elapsed  4351s eta 30658s  n=283  cb run1
[  499/ 4000] elapsed  4353s eta 30602s  n=292  cb run1
[  500/ 4000] elapsed  4355s eta 30546s  n=302  cb run1
[  501/ 4000] elapsed  4357s eta 30490s  n=312  cb run1
[  502/ 4000] elapsed  4359s eta 30434s  n=323  cb run1
[  503/ 4000] elapsed  4361s eta 30379s  n=333  cb run1
[  504/ 4000] elapsed  4363s eta 30324s  n=345  cb run1
[  505/ 4000] elapsed  4366s eta 30276s  n=356  cb run1
[  506/ 4000] elapsed  4368s eta 30221s  n=368  cb run1
[  507/ 4000] elapsed  4371s eta 30173s  n=380  cb run1
[  508/ 4000] elapsed  4373s eta 30119s  n=393  cb run1
[  509/ 4000] elapsed  4376s eta 30072s  n=406  cb run1
[  510/ 4000] elapsed  4379s eta 30024s  n=420  cb run1
[  511/ 4000] elapsed  4382s eta 29978s  n=434  cb run1
[  512/ 4000] elapsed  4385s eta 29931s  n=449  cb run1
[  513/ 4000] elapsed  4388s eta 29884s  n=464  cb run1
[  514/ 4000] elapsed  4391s eta 29838s  n=479  cb run1
[  515/ 4000] elapsed  4394s eta 29792s  n=495  cb run1
[  516/ 4000] elapsed  4398s eta 29752s  n=512  cb run1
[  517/ 4000] elapsed  4401s eta 29706s  n=529  cb run1
[  518/ 4000] elapsed  4405s eta 29667s  n=547  cb run1
[  519/ 4000] elapsed  4409s eta 29628s  n=565  cb run1
[  520/ 4000] elapsed  4413s eta 29590s  n=584  cb run1
[  521/ 4000] elapsed  4417s eta 29551s  n=604  cb run1
[  522/ 4000] elapsed  4421s eta 29512s  n=624  cb run1
[  523/ 4000] elapsed  4426s eta 29481s  n=645  cb run1
[  524/ 4000] elapsed  4430s eta 29442s  n=667  cb run1
[  525/ 4000] elapsed  4435s eta 29411s  n=689  cb run1
[  526/ 4000] elapsed  4440s eta 29380s  n=712  cb run1
[  527/ 4000] elapsed  4445s eta 29348s  n=736  cb run1
[  528/ 4000] elapsed  4450s eta 29317s  n=761  cb run1
[  529/ 4000] elapsed  4456s eta 29293s  n=786  cb run1
[  530/ 4000] elapsed  4461s eta 29262s  n=813  cb run1
[  531/ 4000] elapsed  4467s eta 29237s  n=840  cb run1
[  532/ 4000] elapsed  4473s eta 29213s  n=868  cb run1
[  533/ 4000] elapsed  4479s eta 29189s  n=897  cb run1
[  534/ 4000] elapsed  4486s eta 29171s  n=927  cb run1
[  535/ 4000] elapsed  4492s eta 29147s  n=959  cb run1
[  536/ 4000] elapsed  4499s eta 29129s  n=991  cb run1
[  537/ 4000] elapsed  4506s eta 29112s  n=1024 cb run1
[  538/ 4000] elapsed  4514s eta 29101s  n=1058 cb run1
[  539/ 4000] elapsed  4521s eta 29083s  n=1094 cb run1
[  540/ 4000] elapsed  4529s eta 29072s  n=1131 cb run1
[  541/ 4000] elapsed  4537s eta 29062s  n=1169 cb run1
[  542/ 4000] elapsed  4545s eta 29051s  n=1208 cb run1
[  543/ 4000] elapsed  4554s eta 29046s  n=1248 cb run1
[  544/ 4000] elapsed  4564s eta 29048s  n=1290 cb run1
[  545/ 4000] elapsed  4573s eta 29043s  n=1333 cb run1
[  546/ 4000] elapsed  4583s eta 29045s  n=1378 cb run1
[  547/ 4000] elapsed  4593s eta 29046s  n=1424 cb run1
[  548/ 4000] elapsed  4604s eta 29054s  n=1472 cb run1
[  549/ 4000] elapsed  4614s eta 29056s  n=1522 cb run1
[  550/ 4000] elapsed  4626s eta 29070s  n=1573 cb run1
[  551/ 4000] elapsed  4637s eta 29078s  n=1625 cb run1
[  552/ 4000] elapsed  4649s eta 29092s  n=1680 cb run1
[  553/ 4000] elapsed  4661s eta 29105s  n=1736 cb run1
[  554/ 4000] elapsed  4674s eta 29125s  n=1795 cb run1
[  555/ 4000] elapsed  4688s eta 29151s  n=1855 cb run1
[  556/ 4000] elapsed  4701s eta 29171s  n=1917 cb run1
[  557/ 4000] elapsed  4716s eta 29203s  n=1982 cb run1
[  558/ 4000] elapsed  4730s eta 29229s  n=2048 cb run1
[  559/ 4000] elapsed  4746s eta 29267s  n=2117 cb run1
[  560/ 4000] elapsed  4762s eta 29304s  n=2188 cb run1
[  561/ 4000] elapsed  4778s eta 29342s  n=2261 cb run1
[  562/ 4000] elapsed  4795s eta 29385s  n=2337 cb run1
[  563/ 4000] elapsed  4812s eta 29428s  n=2415 cb run1
[  564/ 4000] elapsed  4830s eta 29477s  n=2497 cb run1
[  565/ 4000] elapsed  4849s eta 29532s  n=2580 cb run1
[  566/ 4000] elapsed  4868s eta 29587s  n=2667 cb run1
[  567/ 4000] elapsed  4889s eta 29653s  n=2756 cb run1
[  568/ 4000] elapsed  4909s eta 29713s  n=2849 cb run1
[  569/ 4000] elapsed  4931s eta 29785s  n=2945 cb run1
[  570/ 4000] elapsed  4953s eta 29857s  n=3043 cb run1
[  571/ 4000] elapsed  4976s eta 29934s  n=3145 cb run1
[  572/ 4000] elapsed  5000s eta 30017s  n=3251 cb run1
[  573/ 4000] elapsed  5025s eta 30106s  n=3360 cb run1
[  574/ 4000] elapsed  5051s eta 30200s  n=3473 cb run1
[  575/ 4000] elapsed  5077s eta 30293s  n=3589 cb run1
[  576/ 4000] elapsed  5105s eta 30399s  n=3710 cb run1
[  577/ 4000] elapsed  5133s eta 30503s  n=3834 cb run1
[  578/ 4000] elapsed  5163s eta 30620s  n=3963 cb run1
[  579/ 4000] elapsed  5195s eta 30747s  n=4096 cb run1
[  580/ 4000] elapsed  5227s eta 30874s  n=4233 cb run1
[  581/ 4000] elapsed  5261s eta 31012s  n=4376 cb run1
[  582/ 4000] elapsed  5296s eta 31156s  n=4522 cb run1
[  583/ 4000] elapsed  5333s eta 31310s  n=4674 cb run1
[  584/ 4000] elapsed  5371s eta 31470s  n=4831 cb run1
[  585/ 4000] elapsed  5411s eta 31641s  n=4993 cb run1
[  586/ 4000] elapsed  5453s eta 31823s  n=5161 cb run1
[  587/ 4000] elapsed  5497s eta 32015s  n=5334 cb run1
[  588/ 4000] elapsed  5543s eta 32219s  n=5513 cb run1
[  589/ 4000] elapsed  5591s eta 32433s  n=5698 cb run1
[  590/ 4000] elapsed  5640s eta 32652s  n=5889 cb run1
[  591/ 4000] elapsed  5692s eta 32888s  n=6087 cb run1
[  592/ 4000] elapsed  5746s eta 33134s  n=6291 cb run1
[  593/ 4000] elapsed  5803s eta 33396s  n=6502 cb run1
[  594/ 4000] elapsed  5862s eta 33669s  n=6720 cb run1
[  595/ 4000] elapsed  5924s eta 33958s  n=6946 cb run1
[  596/ 4000] elapsed  5988s eta 34257s  n=7179 cb run1
[  597/ 4000] elapsed  6054s eta 34566s  n=7420 cb run1
[  598/ 4000] elapsed  6124s eta 34897s  n=7669 cb run1
[  599/ 4000] elapsed  6197s eta 35244s  n=7926 cb run1
[  600/ 4000] elapsed  6272s eta 35600s  n=8192 cb run1
[  601/ 4000] elapsed  6350s eta 35972s  n=1    cs run1
[  602/ 4000] elapsed  6350s eta 35902s  n=2    cs run1
[  603/ 4000] elapsed  6350s eta 35832s  n=3    cs run1
[  604/ 4000] elapsed  6350s eta 35762s  n=4    cs run1
[  605/ 4000] elapsed  6351s eta 35698s  n=5    cs run1
[  606/ 4000] elapsed  6351s eta 35628s  n=6    cs run1
[  607/ 4000] elapsed  6351s eta 35559s  n=7    cs run1
[  608/ 4000] elapsed  6351s eta 35490s  n=8    cs run1
[  609/ 4000] elapsed  6351s eta 35421s  n=9    cs run1
[  610/ 4000] elapsed  6351s eta 35352s  n=10   cs run1
[  611/ 4000] elapsed  6351s eta 35284s  n=11   cs run1
[  612/ 4000] elapsed  6351s eta 35216s  n=12   cs run1
[  613/ 4000] elapsed  6351s eta 35148s  n=13   cs run1
[  614/ 4000] elapsed  6351s eta 35080s  n=14   cs run1
[  615/ 4000] elapsed  6351s eta 35013s  n=15   cs run1
[  616/ 4000] elapsed  6351s eta 34945s  n=16   cs run1
[  617/ 4000] elapsed  6351s eta 34878s  n=17   cs run1
[  618/ 4000] elapsed  6352s eta 34817s  n=18   cs run1
[  619/ 4000] elapsed  6352s eta 34750s  n=19   cs run1
[  620/ 4000] elapsed  6352s eta 34684s  n=20   cs run1
[  621/ 4000] elapsed  6352s eta 34618s  n=21   cs run1
[  622/ 4000] elapsed  6352s eta 34552s  n=22   cs run1
[  623/ 4000] elapsed  6352s eta 34486s  n=23   cs run1
[  624/ 4000] elapsed  6352s eta 34421s  n=24   cs run1
[  625/ 4000] elapsed  6352s eta 34355s  n=25   cs run1
[  626/ 4000] elapsed  6353s eta 34296s  n=26   cs run1
[  627/ 4000] elapsed  6353s eta 34231s  n=27   cs run1
[  628/ 4000] elapsed  6353s eta 34166s  n=28   cs run1
[  629/ 4000] elapsed  6353s eta 34101s  n=29   cs run1
[  630/ 4000] elapsed  6353s eta 34037s  n=30   cs run1
[  631/ 4000] elapsed  6353s eta 33973s  n=31   cs run1
[  632/ 4000] elapsed  6354s eta 33914s  n=32   cs run1
[  633/ 4000] elapsed  6354s eta 33851s  n=33   cs run1
[  634/ 4000] elapsed  6354s eta 33787s  n=34   cs run1
[  635/ 4000] elapsed  6354s eta 33724s  n=35   cs run1
[  636/ 4000] elapsed  6354s eta 33661s  n=37   cs run1
[  637/ 4000] elapsed  6355s eta 33603s  n=38   cs run1
[  638/ 4000] elapsed  6355s eta 33540s  n=39   cs run1
[  639/ 4000] elapsed  6355s eta 33478s  n=40   cs run1
[  640/ 4000] elapsed  6355s eta 33415s  n=42   cs run1
[  641/ 4000] elapsed  6356s eta 33359s  n=43   cs run1
[  642/ 4000] elapsed  6356s eta 33297s  n=45   cs run1
[  643/ 4000] elapsed  6356s eta 33235s  n=46   cs run1
[  644/ 4000] elapsed  6356s eta 33173s  n=48   cs run1
[  645/ 4000] elapsed  6357s eta 33117s  n=49   cs run1
[  646/ 4000] elapsed  6357s eta 33056s  n=51   cs run1
[  647/ 4000] elapsed  6357s eta 32995s  n=53   cs run1
[  648/ 4000] elapsed  6358s eta 32939s  n=54   cs run1
[  649/ 4000] elapsed  6358s eta 32879s  n=56   cs run1
[  650/ 4000] elapsed  6358s eta 32818s  n=58   cs run1
[  651/ 4000] elapsed  6359s eta 32763s  n=60   cs run1
[  652/ 4000] elapsed  6359s eta 32703s  n=62   cs run1
[  653/ 4000] elapsed  6359s eta 32643s  n=64   cs run1
[  654/ 4000] elapsed  6360s eta 32588s  n=66   cs run1
[  655/ 4000] elapsed  6360s eta 32529s  n=68   cs run1
[  656/ 4000] elapsed  6361s eta 32475s  n=71   cs run1
[  657/ 4000] elapsed  6361s eta 32415s  n=73   cs run1
[  658/ 4000] elapsed  6361s eta 32356s  n=75   cs run1
[  659/ 4000] elapsed  6362s eta 32303s  n=78   cs run1
[  660/ 4000] elapsed  6362s eta 32244s  n=81   cs run1
[  661/ 4000] elapsed  6363s eta 32190s  n=83   cs run1
[  662/ 4000] elapsed  6363s eta 32132s  n=86   cs run1
[  663/ 4000] elapsed  6364s eta 32079s  n=89   cs run1
[  664/ 4000] elapsed  6364s eta 32021s  n=92   cs run1
[  665/ 4000] elapsed  6365s eta 31968s  n=95   cs run1
[  666/ 4000] elapsed  6365s eta 31911s  n=98   cs run1
[  667/ 4000] elapsed  6366s eta 31858s  n=102  cs run1
[  668/ 4000] elapsed  6367s eta 31806s  n=105  cs run1
[  669/ 4000] elapsed  6367s eta 31749s  n=109  cs run1
[  670/ 4000] elapsed  6368s eta 31697s  n=112  cs run1
[  671/ 4000] elapsed  6369s eta 31645s  n=116  cs run1
[  672/ 4000] elapsed  6369s eta 31588s  n=120  cs run1
[  673/ 4000] elapsed  6370s eta 31537s  n=124  cs run1
[  674/ 4000] elapsed  6371s eta 31485s  n=128  cs run1
[  675/ 4000] elapsed  6371s eta 31429s  n=132  cs run1
[  676/ 4000] elapsed  6372s eta 31378s  n=137  cs run1
[  677/ 4000] elapsed  6373s eta 31327s  n=141  cs run1
[  678/ 4000] elapsed  6374s eta 31276s  n=146  cs run1
[  679/ 4000] elapsed  6375s eta 31226s  n=151  cs run1
[  680/ 4000] elapsed  6376s eta 31175s  n=156  cs run1
[  681/ 4000] elapsed  6377s eta 31125s  n=161  cs run1
[  682/ 4000] elapsed  6378s eta 31075s  n=167  cs run1
[  683/ 4000] elapsed  6379s eta 31025s  n=172  cs run1
[  684/ 4000] elapsed  6380s eta 30975s  n=178  cs run1
[  685/ 4000] elapsed  6381s eta 30925s  n=184  cs run1
[  686/ 4000] elapsed  6382s eta 30875s  n=190  cs run1
[  687/ 4000] elapsed  6383s eta 30826s  n=197  cs run1
[  688/ 4000] elapsed  6384s eta 30777s  n=203  cs run1
[  689/ 4000] elapsed  6386s eta 30732s  n=210  cs run1
[  690/ 4000] elapsed  6387s eta 30683s  n=217  cs run1
[  691/ 4000] elapsed  6388s eta 30634s  n=224  cs run1
[  692/ 4000] elapsed  6390s eta 30590s  n=232  cs run1
[  693/ 4000] elapsed  6391s eta 30541s  n=240  cs run1
[  694/ 4000] elapsed  6393s eta 30498s  n=248  cs run1
[  695/ 4000] elapsed  6394s eta 30449s  n=256  cs run1
[  696/ 4000] elapsed  6396s eta 30406s  n=265  cs run1
[  697/ 4000] elapsed  6397s eta 30358s  n=273  cs run1
[  698/ 4000] elapsed  6399s eta 30314s  n=283  cs run1
[  699/ 4000] elapsed  6401s eta 30271s  n=292  cs run1
[  700/ 4000] elapsed  6403s eta 30228s  n=302  cs run1
[  701/ 4000] elapsed  6405s eta 30185s  n=312  cs run1
[  702/ 4000] elapsed  6407s eta 30143s  n=323  cs run1
[  703/ 4000] elapsed  6409s eta 30100s  n=333  cs run1
[  704/ 4000] elapsed  6411s eta 30057s  n=345  cs run1
[  705/ 4000] elapsed  6413s eta 30015s  n=356  cs run1
[  706/ 4000] elapsed  6416s eta 29977s  n=368  cs run1
[  707/ 4000] elapsed  6418s eta 29935s  n=380  cs run1
[  708/ 4000] elapsed  6420s eta 29893s  n=393  cs run1
[  709/ 4000] elapsed  6423s eta 29856s  n=406  cs run1
[  710/ 4000] elapsed  6425s eta 29814s  n=420  cs run1
[  711/ 4000] elapsed  6428s eta 29777s  n=434  cs run1
[  712/ 4000] elapsed  6431s eta 29739s  n=449  cs run1
[  713/ 4000] elapsed  6434s eta 29703s  n=464  cs run1
[  714/ 4000] elapsed  6437s eta 29666s  n=479  cs run1
[  715/ 4000] elapsed  6440s eta 29629s  n=495  cs run1
[  716/ 4000] elapsed  6443s eta 29592s  n=512  cs run1
[  717/ 4000] elapsed  6446s eta 29556s  n=529  cs run1
[  718/ 4000] elapsed  6450s eta 29524s  n=547  cs run1
[  719/ 4000] elapsed  6454s eta 29492s  n=565  cs run1
[  720/ 4000] elapsed  6457s eta 29456s  n=584  cs run1
[  721/ 4000] elapsed  6461s eta 29424s  n=604  cs run1
[  722/ 4000] elapsed  6466s eta 29397s  n=624  cs run1
[  723/ 4000] elapsed  6470s eta 29365s  n=645  cs run1
[  724/ 4000] elapsed  6474s eta 29334s  n=667  cs run1
[  725/ 4000] elapsed  6479s eta 29307s  n=689  cs run1
[  726/ 4000] elapsed  6484s eta 29280s  n=712  cs run1
[  727/ 4000] elapsed  6489s eta 29254s  n=736  cs run1
[  728/ 4000] elapsed  6494s eta 29227s  n=761  cs run1
[  729/ 4000] elapsed  6499s eta 29200s  n=786  cs run1
[  730/ 4000] elapsed  6505s eta 29178s  n=813  cs run1
[  731/ 4000] elapsed  6511s eta 29156s  n=840  cs run1
[  732/ 4000] elapsed  6517s eta 29134s  n=868  cs run1
[  733/ 4000] elapsed  6523s eta 29112s  n=897  cs run1
[  734/ 4000] elapsed  6529s eta 29091s  n=927  cs run1
[  735/ 4000] elapsed  6535s eta 29069s  n=959  cs run1
[  736/ 4000] elapsed  6542s eta 29051s  n=991  cs run1
[  737/ 4000] elapsed  6549s eta 29034s  n=1024 cs run1
[  738/ 4000] elapsed  6556s eta 29017s  n=1058 cs run1
[  739/ 4000] elapsed  6564s eta 29004s  n=1094 cs run1
[  740/ 4000] elapsed  6571s eta 28987s  n=1131 cs run1
[  741/ 4000] elapsed  6579s eta 28974s  n=1169 cs run1
[  742/ 4000] elapsed  6587s eta 28961s  n=1208 cs run1
[  743/ 4000] elapsed  6596s eta 28953s  n=1248 cs run1
[  744/ 4000] elapsed  6605s eta 28944s  n=1290 cs run1
[  745/ 4000] elapsed  6614s eta 28936s  n=1333 cs run1
[  746/ 4000] elapsed  6624s eta 28932s  n=1378 cs run1
[  747/ 4000] elapsed  6633s eta 28923s  n=1424 cs run1
[  748/ 4000] elapsed  6644s eta 28924s  n=1472 cs run1
[  749/ 4000] elapsed  6654s eta 28919s  n=1522 cs run1
[  750/ 4000] elapsed  6665s eta 28920s  n=1573 cs run1
[  751/ 4000] elapsed  6676s eta 28920s  n=1625 cs run1
[  752/ 4000] elapsed  6688s eta 28924s  n=1680 cs run1
[  753/ 4000] elapsed  6700s eta 28929s  n=1736 cs run1
[  754/ 4000] elapsed  6712s eta 28933s  n=1795 cs run1
[  755/ 4000] elapsed  6726s eta 28946s  n=1855 cs run1
[  756/ 4000] elapsed  6739s eta 28955s  n=1917 cs run1
[  757/ 4000] elapsed  6753s eta 28968s  n=1982 cs run1
[  758/ 4000] elapsed  6768s eta 28985s  n=2048 cs run1
[  759/ 4000] elapsed  6783s eta 29002s  n=2117 cs run1
[  760/ 4000] elapsed  6798s eta 29019s  n=2188 cs run1
[  761/ 4000] elapsed  6814s eta 29040s  n=2261 cs run1
[  762/ 4000] elapsed  6830s eta 29061s  n=2337 cs run1
[  763/ 4000] elapsed  6848s eta 29090s  n=2415 cs run1
[  764/ 4000] elapsed  6865s eta 29115s  n=2497 cs run1
[  765/ 4000] elapsed  6884s eta 29148s  n=2580 cs run1
[  766/ 4000] elapsed  6903s eta 29182s  n=2667 cs run1
[  767/ 4000] elapsed  6922s eta 29215s  n=2756 cs run1
[  768/ 4000] elapsed  6943s eta 29256s  n=2849 cs run1
[  769/ 4000] elapsed  6964s eta 29297s  n=2945 cs run1
[  770/ 4000] elapsed  6986s eta 29343s  n=3043 cs run1
[  771/ 4000] elapsed  7009s eta 29392s  n=3145 cs run1
[  772/ 4000] elapsed  7033s eta 29445s  n=3251 cs run1
[  773/ 4000] elapsed  7057s eta 29498s  n=3360 cs run1
[  774/ 4000] elapsed  7083s eta 29559s  n=3473 cs run1
[  775/ 4000] elapsed  7109s eta 29620s  n=3589 cs run1
[  776/ 4000] elapsed  7136s eta 29685s  n=3710 cs run1
[  777/ 4000] elapsed  7164s eta 29754s  n=3834 cs run1
[  778/ 4000] elapsed  7194s eta 29831s  n=3963 cs run1
[  779/ 4000] elapsed  7225s eta 29912s  n=4096 cs run1
[  780/ 4000] elapsed  7256s eta 29992s  n=4233 cs run1
[  781/ 4000] elapsed  7290s eta 30085s  n=4376 cs run1
[  782/ 4000] elapsed  7325s eta 30181s  n=4522 cs run1
[  783/ 4000] elapsed  7362s eta 30285s  n=4674 cs run1
[  784/ 4000] elapsed  7400s eta 30393s  n=4831 cs run1
[  785/ 4000] elapsed  7440s eta 30509s  n=4993 cs run1
[  786/ 4000] elapsed  7481s eta 30629s  n=5161 cs run1
[  787/ 4000] elapsed  7525s eta 30760s  n=5334 cs run1
[  788/ 4000] elapsed  7570s eta 30895s  n=5513 cs run1
[  789/ 4000] elapsed  7617s eta 31038s  n=5698 cs run1
[  790/ 4000] elapsed  7667s eta 31192s  n=5889 cs run1
[  791/ 4000] elapsed  7719s eta 31354s  n=6087 cs run1
[  792/ 4000] elapsed  7773s eta 31524s  n=6291 cs run1
[  793/ 4000] elapsed  7829s eta 31701s  n=6502 cs run1
[  794/ 4000] elapsed  7887s eta 31886s  n=6720 cs run1
[  795/ 4000] elapsed  7948s eta 32082s  n=6946 cs run1
[  796/ 4000] elapsed  8012s eta 32289s  n=7179 cs run1
[  797/ 4000] elapsed  8078s eta 32504s  n=7420 cs run1
[  798/ 4000] elapsed  8147s eta 32731s  n=7669 cs run1
[  799/ 4000] elapsed  8219s eta 32968s  n=7926 cs run1
[  800/ 4000] elapsed  8295s eta 33221s  n=8192 cs run1
[  801/ 4000] elapsed  8373s eta 33481s  n=1    hb run2
[  802/ 4000] elapsed  8373s eta 33429s  n=2    hb run2
[  803/ 4000] elapsed  8373s eta 33377s  n=3    hb run2
[  804/ 4000] elapsed  8373s eta 33325s  n=4    hb run2
[  805/ 4000] elapsed  8373s eta 33273s  n=5    hb run2
[  806/ 4000] elapsed  8373s eta 33221s  n=6    hb run2
[  807/ 4000] elapsed  8373s eta 33169s  n=7    hb run2
[  808/ 4000] elapsed  8373s eta 33118s  n=8    hb run2
[  809/ 4000] elapsed  8373s eta 33067s  n=9    hb run2
[  810/ 4000] elapsed  8373s eta 33015s  n=10   hb run2
[  811/ 4000] elapsed  8373s eta 32964s  n=11   hb run2
[  812/ 4000] elapsed  8373s eta 32913s  n=12   hb run2
[  813/ 4000] elapsed  8373s eta 32862s  n=13   hb run2
[  814/ 4000] elapsed  8373s eta 32812s  n=14   hb run2
[  815/ 4000] elapsed  8374s eta 32765s  n=15   hb run2
[  816/ 4000] elapsed  8374s eta 32715s  n=16   hb run2
[  817/ 4000] elapsed  8374s eta 32664s  n=17   hb run2
[  818/ 4000] elapsed  8374s eta 32614s  n=18   hb run2
[  819/ 4000] elapsed  8374s eta 32564s  n=19   hb run2
[  820/ 4000] elapsed  8374s eta 32514s  n=20   hb run2
[  821/ 4000] elapsed  8374s eta 32464s  n=21   hb run2
[  822/ 4000] elapsed  8374s eta 32414s  n=22   hb run2
[  823/ 4000] elapsed  8374s eta 32365s  n=23   hb run2
[  824/ 4000] elapsed  8374s eta 32315s  n=24   hb run2
[  825/ 4000] elapsed  8375s eta 32270s  n=25   hb run2
[  826/ 4000] elapsed  8375s eta 32220s  n=26   hb run2
[  827/ 4000] elapsed  8375s eta 32171s  n=27   hb run2
[  828/ 4000] elapsed  8375s eta 32122s  n=28   hb run2
[  829/ 4000] elapsed  8375s eta 32073s  n=29   hb run2
[  830/ 4000] elapsed  8375s eta 32025s  n=30   hb run2
[  831/ 4000] elapsed  8376s eta 31980s  n=31   hb run2
[  832/ 4000] elapsed  8376s eta 31931s  n=32   hb run2
[  833/ 4000] elapsed  8376s eta 31883s  n=33   hb run2
[  834/ 4000] elapsed  8376s eta 31834s  n=34   hb run2
[  835/ 4000] elapsed  8376s eta 31786s  n=35   hb run2
[  836/ 4000] elapsed  8376s eta 31738s  n=37   hb run2
[  837/ 4000] elapsed  8377s eta 31694s  n=38   hb run2
[  838/ 4000] elapsed  8377s eta 31646s  n=39   hb run2
[  839/ 4000] elapsed  8377s eta 31598s  n=40   hb run2
[  840/ 4000] elapsed  8377s eta 31551s  n=42   hb run2
[  841/ 4000] elapsed  8378s eta 31507s  n=43   hb run2
[  842/ 4000] elapsed  8378s eta 31459s  n=45   hb run2
[  843/ 4000] elapsed  8378s eta 31412s  n=46   hb run2
[  844/ 4000] elapsed  8378s eta 31365s  n=48   hb run2
[  845/ 4000] elapsed  8379s eta 31321s  n=49   hb run2
[  846/ 4000] elapsed  8379s eta 31274s  n=51   hb run2
[  847/ 4000] elapsed  8379s eta 31228s  n=53   hb run2
[  848/ 4000] elapsed  8379s eta 31181s  n=54   hb run2
[  849/ 4000] elapsed  8380s eta 31138s  n=56   hb run2
[  850/ 4000] elapsed  8380s eta 31091s  n=58   hb run2
[  851/ 4000] elapsed  8380s eta 31045s  n=60   hb run2
[  852/ 4000] elapsed  8381s eta 31002s  n=62   hb run2
[  853/ 4000] elapsed  8381s eta 30956s  n=64   hb run2
[  854/ 4000] elapsed  8381s eta 30910s  n=66   hb run2
[  855/ 4000] elapsed  8382s eta 30868s  n=68   hb run2
[  856/ 4000] elapsed  8382s eta 30822s  n=71   hb run2
[  857/ 4000] elapsed  8383s eta 30780s  n=73   hb run2
[  858/ 4000] elapsed  8383s eta 30734s  n=75   hb run2
[  859/ 4000] elapsed  8383s eta 30688s  n=78   hb run2
[  860/ 4000] elapsed  8384s eta 30646s  n=81   hb run2
[  861/ 4000] elapsed  8384s eta 30601s  n=83   hb run2
[  862/ 4000] elapsed  8385s eta 30559s  n=86   hb run2
[  863/ 4000] elapsed  8385s eta 30514s  n=89   hb run2
[  864/ 4000] elapsed  8386s eta 30473s  n=92   hb run2
[  865/ 4000] elapsed  8386s eta 30428s  n=95   hb run2
[  866/ 4000] elapsed  8387s eta 30387s  n=98   hb run2
[  867/ 4000] elapsed  8387s eta 30342s  n=102  hb run2
[  868/ 4000] elapsed  8388s eta 30301s  n=105  hb run2
[  869/ 4000] elapsed  8389s eta 30260s  n=109  hb run2
[  870/ 4000] elapsed  8389s eta 30215s  n=112  hb run2
[  871/ 4000] elapsed  8390s eta 30175s  n=116  hb run2
[  872/ 4000] elapsed  8391s eta 30134s  n=120  hb run2
[  873/ 4000] elapsed  8391s eta 30090s  n=124  hb run2
[  874/ 4000] elapsed  8392s eta 30049s  n=128  hb run2
[  875/ 4000] elapsed  8393s eta 30009s  n=132  hb run2
[  876/ 4000] elapsed  8394s eta 29968s  n=137  hb run2
[  877/ 4000] elapsed  8394s eta 29925s  n=141  hb run2
[  878/ 4000] elapsed  8395s eta 29885s  n=146  hb run2
[  879/ 4000] elapsed  8396s eta 29845s  n=151  hb run2
[  880/ 4000] elapsed  8397s eta 29805s  n=156  hb run2
[  881/ 4000] elapsed  8398s eta 29765s  n=161  hb run2
[  882/ 4000] elapsed  8399s eta 29725s  n=167  hb run2
[  883/ 4000] elapsed  8400s eta 29685s  n=172  hb run2
[  884/ 4000] elapsed  8401s eta 29646s  n=178  hb run2
[  885/ 4000] elapsed  8402s eta 29606s  n=184  hb run2
[  886/ 4000] elapsed  8403s eta 29567s  n=190  hb run2
[  887/ 4000] elapsed  8404s eta 29527s  n=197  hb run2
[  888/ 4000] elapsed  8406s eta 29492s  n=203  hb run2
[  889/ 4000] elapsed  8407s eta 29452s  n=210  hb run2
[  890/ 4000] elapsed  8408s eta 29413s  n=217  hb run2
[  891/ 4000] elapsed  8410s eta 29378s  n=224  hb run2
[  892/ 4000] elapsed  8411s eta 29339s  n=232  hb run2
[  893/ 4000] elapsed  8412s eta 29300s  n=240  hb run2
[  894/ 4000] elapsed  8414s eta 29265s  n=248  hb run2
[  895/ 4000] elapsed  8415s eta 29226s  n=256  hb run2
[  896/ 4000] elapsed  8417s eta 29191s  n=265  hb run2
[  897/ 4000] elapsed  8419s eta 29156s  n=273  hb run2
[  898/ 4000] elapsed  8420s eta 29117s  n=283  hb run2
[  899/ 4000] elapsed  8422s eta 29083s  n=292  hb run2
[  900/ 4000] elapsed  8424s eta 29048s  n=302  hb run2
[  901/ 4000] elapsed  8426s eta 29013s  n=312  hb run2
[  902/ 4000] elapsed  8428s eta 28978s  n=323  hb run2
[  903/ 4000] elapsed  8430s eta 28944s  n=333  hb run2
[  904/ 4000] elapsed  8432s eta 28909s  n=345  hb run2
[  905/ 4000] elapsed  8434s eta 28875s  n=356  hb run2
[  906/ 4000] elapsed  8436s eta 28840s  n=368  hb run2
[  907/ 4000] elapsed  8439s eta 28809s  n=380  hb run2
[  908/ 4000] elapsed  8441s eta 28775s  n=393  hb run2
[  909/ 4000] elapsed  8444s eta 28744s  n=406  hb run2
[  910/ 4000] elapsed  8446s eta 28710s  n=420  hb run2
[  911/ 4000] elapsed  8449s eta 28680s  n=434  hb run2
[  912/ 4000] elapsed  8452s eta 28649s  n=449  hb run2
[  913/ 4000] elapsed  8454s eta 28615s  n=464  hb run2
[  914/ 4000] elapsed  8457s eta 28585s  n=479  hb run2
[  915/ 4000] elapsed  8461s eta 28558s  n=495  hb run2
[  916/ 4000] elapsed  8464s eta 28527s  n=512  hb run2
[  917/ 4000] elapsed  8467s eta 28497s  n=529  hb run2
[  918/ 4000] elapsed  8471s eta 28470s  n=547  hb run2
[  919/ 4000] elapsed  8474s eta 28440s  n=565  hb run2
[  920/ 4000] elapsed  8478s eta 28413s  n=584  hb run2
[  921/ 4000] elapsed  8482s eta 28387s  n=604  hb run2
[  922/ 4000] elapsed  8486s eta 28360s  n=624  hb run2
[  923/ 4000] elapsed  8490s eta 28333s  n=645  hb run2
[  924/ 4000] elapsed  8495s eta 28310s  n=667  hb run2
[  925/ 4000] elapsed  8499s eta 28284s  n=689  hb run2
[  926/ 4000] elapsed  8504s eta 28260s  n=712  hb run2
[  927/ 4000] elapsed  8509s eta 28237s  n=736  hb run2
[  928/ 4000] elapsed  8514s eta 28214s  n=761  hb run2
[  929/ 4000] elapsed  8519s eta 28191s  n=786  hb run2
[  930/ 4000] elapsed  8525s eta 28171s  n=813  hb run2
[  931/ 4000] elapsed  8531s eta 28152s  n=840  hb run2
[  932/ 4000] elapsed  8537s eta 28132s  n=868  hb run2
[  933/ 4000] elapsed  8543s eta 28113s  n=897  hb run2
[  934/ 4000] elapsed  8549s eta 28093s  n=927  hb run2
[  935/ 4000] elapsed  8556s eta 28077s  n=959  hb run2
[  936/ 4000] elapsed  8563s eta 28060s  n=991  hb run2
[  937/ 4000] elapsed  8570s eta 28044s  n=1024 hb run2
[  938/ 4000] elapsed  8577s eta 28028s  n=1058 hb run2
[  939/ 4000] elapsed  8584s eta 28012s  n=1094 hb run2
[  940/ 4000] elapsed  8592s eta 27999s  n=1131 hb run2
[  941/ 4000] elapsed  8600s eta 27986s  n=1169 hb run2
[  942/ 4000] elapsed  8608s eta 27973s  n=1208 hb run2
[  943/ 4000] elapsed  8617s eta 27964s  n=1248 hb run2
[  944/ 4000] elapsed  8626s eta 27954s  n=1290 hb run2
[  945/ 4000] elapsed  8635s eta 27944s  n=1333 hb run2
[  946/ 4000] elapsed  8645s eta 27938s  n=1378 hb run2
[  947/ 4000] elapsed  8655s eta 27932s  n=1424 hb run2
[  948/ 4000] elapsed  8665s eta 27925s  n=1472 hb run2
[  949/ 4000] elapsed  8675s eta 27919s  n=1522 hb run2
[  950/ 4000] elapsed  8686s eta 27916s  n=1573 hb run2
[  951/ 4000] elapsed  8697s eta 27912s  n=1625 hb run2
[  952/ 4000] elapsed  8709s eta 27912s  n=1680 hb run2
[  953/ 4000] elapsed  8721s eta 27912s  n=1736 hb run2
[  954/ 4000] elapsed  8733s eta 27912s  n=1795 hb run2
[  955/ 4000] elapsed  8746s eta 27915s  n=1855 hb run2
[  956/ 4000] elapsed  8760s eta 27921s  n=1917 hb run2
[  957/ 4000] elapsed  8774s eta 27928s  n=1982 hb run2
[  958/ 4000] elapsed  8788s eta 27934s  n=2048 hb run2
[  959/ 4000] elapsed  8803s eta 27943s  n=2117 hb run2
[  960/ 4000] elapsed  8818s eta 27952s  n=2188 hb run2
[  961/ 4000] elapsed  8834s eta 27965s  n=2261 hb run2
[  962/ 4000] elapsed  8850s eta 27977s  n=2337 hb run2
[  963/ 4000] elapsed  8868s eta 27995s  n=2415 hb run2
[  964/ 4000] elapsed  8885s eta 28011s  n=2497 hb run2
[  965/ 4000] elapsed  8904s eta 28032s  n=2580 hb run2
[  966/ 4000] elapsed  8922s eta 28051s  n=2667 hb run2
[  967/ 4000] elapsed  8942s eta 28075s  n=2756 hb run2
[  968/ 4000] elapsed  8962s eta 28100s  n=2849 hb run2
[  969/ 4000] elapsed  8983s eta 28127s  n=2945 hb run2
[  970/ 4000] elapsed  9005s eta 28158s  n=3043 hb run2
[  971/ 4000] elapsed  9028s eta 28191s  n=3145 hb run2
[  972/ 4000] elapsed  9051s eta 28224s  n=3251 hb run2
[  973/ 4000] elapsed  9076s eta 28264s  n=3360 hb run2
[  974/ 4000] elapsed  9101s eta 28303s  n=3473 hb run2
[  975/ 4000] elapsed  9127s eta 28346s  n=3589 hb run2
[  976/ 4000] elapsed  9154s eta 28391s  n=3710 hb run2
[  977/ 4000] elapsed  9183s eta 28442s  n=3834 hb run2
[  978/ 4000] elapsed  9212s eta 28494s  n=3963 hb run2
[  979/ 4000] elapsed  9243s eta 28551s  n=4096 hb run2
[  980/ 4000] elapsed  9276s eta 28614s  n=4233 hb run2
[  981/ 4000] elapsed  9309s eta 28677s  n=4376 hb run2
[  982/ 4000] elapsed  9344s eta 28746s  n=4522 hb run2
[  983/ 4000] elapsed  9380s eta 28818s  n=4674 hb run2
[  984/ 4000] elapsed  9418s eta 28895s  n=4831 hb run2
[  985/ 4000] elapsed  9458s eta 28979s  n=4993 hb run2
[  986/ 4000] elapsed  9500s eta 29069s  n=5161 hb run2
[  987/ 4000] elapsed  9543s eta 29161s  n=5334 hb run2
[  988/ 4000] elapsed  9590s eta 29265s  n=5513 hb run2
[  989/ 4000] elapsed  9637s eta 29369s  n=5698 hb run2
[  990/ 4000] elapsed  9686s eta 29479s  n=5889 hb run2
[  991/ 4000] elapsed  9738s eta 29597s  n=6087 hb run2
[  992/ 4000] elapsed  9792s eta 29721s  n=6291 hb run2
[  993/ 4000] elapsed  9848s eta 29851s  n=6502 hb run2
[  994/ 4000] elapsed  9907s eta 29990s  n=6720 hb run2
[  995/ 4000] elapsed  9969s eta 30137s  n=6946 hb run2
[  996/ 4000] elapsed 10033s eta 30290s  n=7179 hb run2
[  997/ 4000] elapsed 10099s eta 30449s  n=7420 hb run2
[  998/ 4000] elapsed 10169s eta 30619s  n=7669 hb run2
[  999/ 4000] elapsed 10243s eta 30800s  n=7926 hb run2
[ 1000/ 4000] elapsed 10318s eta 30984s  n=8192 hb run2
[ 1001/ 4000] elapsed 10397s eta 31180s  n=1    hs run2
[ 1002/ 4000] elapsed 10397s eta 31139s  n=2    hs run2
[ 1003/ 4000] elapsed 10397s eta 31097s  n=3    hs run2
[ 1004/ 4000] elapsed 10397s eta 31056s  n=4    hs run2
[ 1005/ 4000] elapsed 10397s eta 31014s  n=5    hs run2
[ 1006/ 4000] elapsed 10397s eta 30973s  n=6    hs run2
[ 1007/ 4000] elapsed 10397s eta 30932s  n=7    hs run2
[ 1008/ 4000] elapsed 10397s eta 30891s  n=8    hs run2
[ 1009/ 4000] elapsed 10397s eta 30850s  n=9    hs run2
[ 1010/ 4000] elapsed 10397s eta 30809s  n=10   hs run2
[ 1011/ 4000] elapsed 10398s eta 30771s  n=11   hs run2
[ 1012/ 4000] elapsed 10398s eta 30731s  n=12   hs run2
[ 1013/ 4000] elapsed 10398s eta 30690s  n=13   hs run2
[ 1014/ 4000] elapsed 10398s eta 30649s  n=14   hs run2
[ 1015/ 4000] elapsed 10398s eta 30609s  n=15   hs run2
[ 1016/ 4000] elapsed 10398s eta 30569s  n=16   hs run2
[ 1017/ 4000] elapsed 10398s eta 30528s  n=17   hs run2
[ 1018/ 4000] elapsed 10398s eta 30488s  n=18   hs run2
[ 1019/ 4000] elapsed 10398s eta 30448s  n=19   hs run2
[ 1020/ 4000] elapsed 10398s eta 30408s  n=20   hs run2
[ 1021/ 4000] elapsed 10398s eta 30368s  n=21   hs run2
[ 1022/ 4000] elapsed 10398s eta 30328s  n=22   hs run2
[ 1023/ 4000] elapsed 10399s eta 30291s  n=23   hs run2
[ 1024/ 4000] elapsed 10399s eta 30251s  n=24   hs run2
[ 1025/ 4000] elapsed 10399s eta 30211s  n=25   hs run2
[ 1026/ 4000] elapsed 10399s eta 30172s  n=26   hs run2
[ 1027/ 4000] elapsed 10399s eta 30132s  n=27   hs run2
[ 1028/ 4000] elapsed 10399s eta 30093s  n=28   hs run2
[ 1029/ 4000] elapsed 10399s eta 30053s  n=29   hs run2
[ 1030/ 4000] elapsed 10400s eta 30017s  n=30   hs run2
[ 1031/ 4000] elapsed 10400s eta 29978s  n=31   hs run2
[ 1032/ 4000] elapsed 10400s eta 29939s  n=32   hs run2
[ 1033/ 4000] elapsed 10400s eta 29900s  n=33   hs run2
[ 1034/ 4000] elapsed 10400s eta 29860s  n=34   hs run2
[ 1035/ 4000] elapsed 10400s eta 29822s  n=35   hs run2
[ 1036/ 4000] elapsed 10401s eta 29786s  n=37   hs run2
[ 1037/ 4000] elapsed 10401s eta 29747s  n=38   hs run2
[ 1038/ 4000] elapsed 10401s eta 29708s  n=39   hs run2
[ 1039/ 4000] elapsed 10401s eta 29669s  n=40   hs run2
[ 1040/ 4000] elapsed 10402s eta 29634s  n=42   hs run2
[ 1041/ 4000] elapsed 10402s eta 29595s  n=43   hs run2
[ 1042/ 4000] elapsed 10402s eta 29557s  n=45   hs run2
[ 1043/ 4000] elapsed 10402s eta 29518s  n=46   hs run2
[ 1044/ 4000] elapsed 10402s eta 29480s  n=48   hs run2
[ 1045/ 4000] elapsed 10403s eta 29445s  n=49   hs run2
[ 1046/ 4000] elapsed 10403s eta 29407s  n=51   hs run2
[ 1047/ 4000] elapsed 10403s eta 29369s  n=53   hs run2
[ 1048/ 4000] elapsed 10404s eta 29333s  n=54   hs run2
[ 1049/ 4000] elapsed 10404s eta 29295s  n=56   hs run2
[ 1050/ 4000] elapsed 10404s eta 29258s  n=58   hs run2
[ 1051/ 4000] elapsed 10405s eta 29223s  n=60   hs run2
[ 1052/ 4000] elapsed 10405s eta 29185s  n=62   hs run2
[ 1053/ 4000] elapsed 10405s eta 29147s  n=64   hs run2
[ 1054/ 4000] elapsed 10406s eta 29113s  n=66   hs run2
[ 1055/ 4000] elapsed 10406s eta 29075s  n=68   hs run2
[ 1056/ 4000] elapsed 10406s eta 29038s  n=71   hs run2
[ 1057/ 4000] elapsed 10407s eta 29003s  n=73   hs run2
[ 1058/ 4000] elapsed 10407s eta 28966s  n=75   hs run2
[ 1059/ 4000] elapsed 10408s eta 28931s  n=78   hs run2
[ 1060/ 4000] elapsed 10408s eta 28894s  n=81   hs run2
[ 1061/ 4000] elapsed 10409s eta 28860s  n=83   hs run2
[ 1062/ 4000] elapsed 10409s eta 28823s  n=86   hs run2
[ 1063/ 4000] elapsed 10410s eta 28789s  n=89   hs run2
[ 1064/ 4000] elapsed 10410s eta 28752s  n=92   hs run2
[ 1065/ 4000] elapsed 10411s eta 28718s  n=95   hs run2
[ 1066/ 4000] elapsed 10411s eta 28681s  n=98   hs run2
[ 1067/ 4000] elapsed 10412s eta 28647s  n=102  hs run2
[ 1068/ 4000] elapsed 10412s eta 28611s  n=105  hs run2
[ 1069/ 4000] elapsed 10413s eta 28577s  n=109  hs run2
[ 1070/ 4000] elapsed 10414s eta 28543s  n=112  hs run2
[ 1071/ 4000] elapsed 10414s eta 28507s  n=116  hs run2
[ 1072/ 4000] elapsed 10415s eta 28473s  n=120  hs run2
[ 1073/ 4000] elapsed 10416s eta 28439s  n=124  hs run2
[ 1074/ 4000] elapsed 10416s eta 28403s  n=128  hs run2
[ 1075/ 4000] elapsed 10417s eta 28370s  n=132  hs run2
[ 1076/ 4000] elapsed 10418s eta 28336s  n=137  hs run2
[ 1077/ 4000] elapsed 10419s eta 28303s  n=141  hs run2
[ 1078/ 4000] elapsed 10420s eta 28270s  n=146  hs run2
[ 1079/ 4000] elapsed 10420s eta 28234s  n=151  hs run2
[ 1080/ 4000] elapsed 10421s eta 28201s  n=156  hs run2
[ 1081/ 4000] elapsed 10422s eta 28168s  n=161  hs run2
[ 1082/ 4000] elapsed 10423s eta 28135s  n=167  hs run2
[ 1083/ 4000] elapsed 10424s eta 28102s  n=172  hs run2
[ 1084/ 4000] elapsed 10425s eta 28069s  n=178  hs run2
[ 1085/ 4000] elapsed 10426s eta 28036s  n=184  hs run2
[ 1086/ 4000] elapsed 10427s eta 28003s  n=190  hs run2
[ 1087/ 4000] elapsed 10429s eta 27973s  n=197  hs run2
[ 1088/ 4000] elapsed 10430s eta 27941s  n=203  hs run2
[ 1089/ 4000] elapsed 10431s eta 27908s  n=210  hs run2
[ 1090/ 4000] elapsed 10432s eta 27876s  n=217  hs run2
[ 1091/ 4000] elapsed 10434s eta 27846s  n=224  hs run2
[ 1092/ 4000] elapsed 10435s eta 27813s  n=232  hs run2
[ 1093/ 4000] elapsed 10437s eta 27784s  n=240  hs run2
[ 1094/ 4000] elapsed 10438s eta 27751s  n=248  hs run2
[ 1095/ 4000] elapsed 10440s eta 27722s  n=256  hs run2
[ 1096/ 4000] elapsed 10441s eta 27690s  n=265  hs run2
[ 1097/ 4000] elapsed 10443s eta 27660s  n=273  hs run2
[ 1098/ 4000] elapsed 10445s eta 27631s  n=283  hs run2
[ 1099/ 4000] elapsed 10446s eta 27599s  n=292  hs run2
[ 1100/ 4000] elapsed 10448s eta 27569s  n=302  hs run2
[ 1101/ 4000] elapsed 10450s eta 27540s  n=312  hs run2
[ 1102/ 4000] elapsed 10452s eta 27511s  n=323  hs run2
[ 1103/ 4000] elapsed 10454s eta 27482s  n=333  hs run2
[ 1104/ 4000] elapsed 10456s eta 27452s  n=345  hs run2
[ 1105/ 4000] elapsed 10458s eta 27423s  n=356  hs run2
[ 1106/ 4000] elapsed 10461s eta 27397s  n=368  hs run2
[ 1107/ 4000] elapsed 10463s eta 27368s  n=380  hs run2
[ 1108/ 4000] elapsed 10465s eta 27339s  n=393  hs run2
[ 1109/ 4000] elapsed 10468s eta 27313s  n=406  hs run2
[ 1110/ 4000] elapsed 10470s eta 27284s  n=420  hs run2
[ 1111/ 4000] elapsed 10473s eta 27258s  n=434  hs run2
[ 1112/ 4000] elapsed 10476s eta 27231s  n=449  hs run2
[ 1113/ 4000] elapsed 10479s eta 27205s  n=464  hs run2
[ 1114/ 4000] elapsed 10482s eta 27179s  n=479  hs run2
[ 1115/ 4000] elapsed 10485s eta 27153s  n=495  hs run2
[ 1116/ 4000] elapsed 10488s eta 27127s  n=512  hs run2
[ 1117/ 4000] elapsed 10491s eta 27101s  n=529  hs run2
[ 1118/ 4000] elapsed 10495s eta 27078s  n=547  hs run2
[ 1119/ 4000] elapsed 10499s eta 27055s  n=565  hs run2
[ 1120/ 4000] elapsed 10503s eta 27031s  n=584  hs run2
[ 1121/ 4000] elapsed 10507s eta 27008s  n=604  hs run2
[ 1122/ 4000] elapsed 10511s eta 26985s  n=624  hs run2
[ 1123/ 4000] elapsed 10516s eta 26964s  n=645  hs run2
[ 1124/ 4000] elapsed 10520s eta 26941s  n=667  hs run2
[ 1125/ 4000] elapsed 10525s eta 26921s  n=689  hs run2
[ 1126/ 4000] elapsed 10530s eta 26900s  n=712  hs run2
[ 1127/ 4000] elapsed 10535s eta 26880s  n=736  hs run2
[ 1128/ 4000] elapsed 10540s eta 26859s  n=761  hs run2
[ 1129/ 4000] elapsed 10545s eta 26839s  n=786  hs run2
[ 1130/ 4000] elapsed 10550s eta 26818s  n=813  hs run2
[ 1131/ 4000] elapsed 10556s eta 26801s  n=840  hs run2
[ 1132/ 4000] elapsed 10562s eta 26783s  n=868  hs run2
[ 1133/ 4000] elapsed 10568s eta 26765s  n=897  hs run2
[ 1134/ 4000] elapsed 10574s eta 26747s  n=927  hs run2
[ 1135/ 4000] elapsed 10581s eta 26732s  n=959  hs run2
[ 1136/ 4000] elapsed 10587s eta 26714s  n=991  hs run2
[ 1137/ 4000] elapsed 10594s eta 26699s  n=1024 hs run2
[ 1138/ 4000] elapsed 10601s eta 26684s  n=1058 hs run2
[ 1139/ 4000] elapsed 10609s eta 26671s  n=1094 hs run2
[ 1140/ 4000] elapsed 10617s eta 26659s  n=1131 hs run2
[ 1141/ 4000] elapsed 10625s eta 26646s  n=1169 hs run2
[ 1142/ 4000] elapsed 10633s eta 26633s  n=1208 hs run2
[ 1143/ 4000] elapsed 10642s eta 26623s  n=1248 hs run2
[ 1144/ 4000] elapsed 10650s eta 26611s  n=1290 hs run2
[ 1145/ 4000] elapsed 10660s eta 26603s  n=1333 hs run2
[ 1146/ 4000] elapsed 10669s eta 26593s  n=1378 hs run2
[ 1147/ 4000] elapsed 10679s eta 26585s  n=1424 hs run2
[ 1148/ 4000] elapsed 10690s eta 26580s  n=1472 hs run2
[ 1149/ 4000] elapsed 10700s eta 26572s  n=1522 hs run2
[ 1150/ 4000] elapsed 10711s eta 26567s  n=1573 hs run2
[ 1151/ 4000] elapsed 10722s eta 26562s  n=1625 hs run2
[ 1152/ 4000] elapsed 10734s eta 26559s  n=1680 hs run2
[ 1153/ 4000] elapsed 10746s eta 26557s  n=1736 hs run2
[ 1154/ 4000] elapsed 10758s eta 26554s  n=1795 hs run2
[ 1155/ 4000] elapsed 10771s eta 26554s  n=1855 hs run2
[ 1156/ 4000] elapsed 10785s eta 26556s  n=1917 hs run2
[ 1157/ 4000] elapsed 10799s eta 26558s  n=1982 hs run2
[ 1158/ 4000] elapsed 10814s eta 26562s  n=2048 hs run2
[ 1159/ 4000] elapsed 10829s eta 26567s  n=2117 hs run2
[ 1160/ 4000] elapsed 10844s eta 26572s  n=2188 hs run2
[ 1161/ 4000] elapsed 10860s eta 26578s  n=2261 hs run2
[ 1162/ 4000] elapsed 10877s eta 26588s  n=2337 hs run2
[ 1163/ 4000] elapsed 10894s eta 26597s  n=2415 hs run2
[ 1164/ 4000] elapsed 10912s eta 26609s  n=2497 hs run2
[ 1165/ 4000] elapsed 10930s eta 26620s  n=2580 hs run2
[ 1166/ 4000] elapsed 10949s eta 26634s  n=2667 hs run2
[ 1167/ 4000] elapsed 10969s eta 26651s  n=2756 hs run2
[ 1168/ 4000] elapsed 10989s eta 26667s  n=2849 hs run2
[ 1169/ 4000] elapsed 11011s eta 26688s  n=2945 hs run2
[ 1170/ 4000] elapsed 11033s eta 26709s  n=3043 hs run2
[ 1171/ 4000] elapsed 11055s eta 26730s  n=3145 hs run2
[ 1172/ 4000] elapsed 11079s eta 26756s  n=3251 hs run2
[ 1173/ 4000] elapsed 11104s eta 26784s  n=3360 hs run2
[ 1174/ 4000] elapsed 11130s eta 26814s  n=3473 hs run2
[ 1175/ 4000] elapsed 11156s eta 26844s  n=3589 hs run2
[ 1176/ 4000] elapsed 11184s eta 26879s  n=3710 hs run2
[ 1177/ 4000] elapsed 11212s eta 26914s  n=3834 hs run2
[ 1178/ 4000] elapsed 11242s eta 26954s  n=3963 hs run2
[ 1179/ 4000] elapsed 11273s eta 26995s  n=4096 hs run2
[ 1180/ 4000] elapsed 11305s eta 27039s  n=4233 hs run2
[ 1181/ 4000] elapsed 11339s eta 27088s  n=4376 hs run2
[ 1182/ 4000] elapsed 11374s eta 27139s  n=4522 hs run2
[ 1183/ 4000] elapsed 11411s eta 27195s  n=4674 hs run2
[ 1184/ 4000] elapsed 11450s eta 27255s  n=4831 hs run2
[ 1185/ 4000] elapsed 11490s eta 27317s  n=4993 hs run2
[ 1186/ 4000] elapsed 11532s eta 27384s  n=5161 hs run2
[ 1187/ 4000] elapsed 11576s eta 27456s  n=5334 hs run2
[ 1188/ 4000] elapsed 11622s eta 27532s  n=5513 hs run2
[ 1189/ 4000] elapsed 11669s eta 27610s  n=5698 hs run2
[ 1190/ 4000] elapsed 11719s eta 27695s  n=5889 hs run2
[ 1191/ 4000] elapsed 11771s eta 27785s  n=6087 hs run2
[ 1192/ 4000] elapsed 11825s eta 27879s  n=6291 hs run2
[ 1193/ 4000] elapsed 11882s eta 27980s  n=6502 hs run2
[ 1194/ 4000] elapsed 11941s eta 28085s  n=6720 hs run2
[ 1195/ 4000] elapsed 12003s eta 28198s  n=6946 hs run2
[ 1196/ 4000] elapsed 12068s eta 28316s  n=7179 hs run2
[ 1197/ 4000] elapsed 12135s eta 28440s  n=7420 hs run2
[ 1198/ 4000] elapsed 12205s eta 28570s  n=7669 hs run2
[ 1199/ 4000] elapsed 12278s eta 28706s  n=7926 hs run2
[ 1200/ 4000] elapsed 12354s eta 28850s  n=8192 hs run2
[ 1201/ 4000] elapsed 12432s eta 28997s  n=1    cb run2
[ 1202/ 4000] elapsed 12432s eta 28963s  n=2    cb run2
[ 1203/ 4000] elapsed 12432s eta 28928s  n=3    cb run2
[ 1204/ 4000] elapsed 12432s eta 28894s  n=4    cb run2
[ 1205/ 4000] elapsed 12432s eta 28860s  n=5    cb run2
[ 1206/ 4000] elapsed 12432s eta 28825s  n=6    cb run2
[ 1207/ 4000] elapsed 12432s eta 28791s  n=7    cb run2
[ 1208/ 4000] elapsed 12432s eta 28757s  n=8    cb run2
[ 1209/ 4000] elapsed 12432s eta 28723s  n=9    cb run2
[ 1210/ 4000] elapsed 12433s eta 28691s  n=10   cb run2
[ 1211/ 4000] elapsed 12433s eta 28657s  n=11   cb run2
[ 1212/ 4000] elapsed 12433s eta 28623s  n=12   cb run2
[ 1213/ 4000] elapsed 12433s eta 28589s  n=13   cb run2
[ 1214/ 4000] elapsed 12433s eta 28555s  n=14   cb run2
[ 1215/ 4000] elapsed 12433s eta 28522s  n=15   cb run2
[ 1216/ 4000] elapsed 12433s eta 28488s  n=16   cb run2
[ 1217/ 4000] elapsed 12433s eta 28454s  n=17   cb run2
[ 1218/ 4000] elapsed 12433s eta 28421s  n=18   cb run2
[ 1219/ 4000] elapsed 12433s eta 28387s  n=19   cb run2
[ 1220/ 4000] elapsed 12434s eta 28356s  n=20   cb run2
[ 1221/ 4000] elapsed 12434s eta 28323s  n=21   cb run2
[ 1222/ 4000] elapsed 12434s eta 28289s  n=22   cb run2
[ 1223/ 4000] elapsed 12434s eta 28256s  n=23   cb run2
[ 1224/ 4000] elapsed 12434s eta 28223s  n=24   cb run2
[ 1225/ 4000] elapsed 12434s eta 28189s  n=25   cb run2
[ 1226/ 4000] elapsed 12434s eta 28156s  n=26   cb run2
[ 1227/ 4000] elapsed 12435s eta 28125s  n=27   cb run2
[ 1228/ 4000] elapsed 12435s eta 28092s  n=28   cb run2
[ 1229/ 4000] elapsed 12435s eta 28059s  n=29   cb run2
[ 1230/ 4000] elapsed 12435s eta 28026s  n=30   cb run2
[ 1231/ 4000] elapsed 12435s eta 27993s  n=31   cb run2
[ 1232/ 4000] elapsed 12435s eta 27961s  n=32   cb run2
[ 1233/ 4000] elapsed 12436s eta 27930s  n=33   cb run2
[ 1234/ 4000] elapsed 12436s eta 27897s  n=34   cb run2
[ 1235/ 4000] elapsed 12436s eta 27865s  n=35   cb run2
[ 1236/ 4000] elapsed 12436s eta 27832s  n=37   cb run2
[ 1237/ 4000] elapsed 12436s eta 27799s  n=38   cb run2
[ 1238/ 4000] elapsed 12437s eta 27769s  n=39   cb run2
[ 1239/ 4000] elapsed 12437s eta 27737s  n=40   cb run2
[ 1240/ 4000] elapsed 12437s eta 27704s  n=42   cb run2
[ 1241/ 4000] elapsed 12437s eta 27672s  n=43   cb run2
[ 1242/ 4000] elapsed 12438s eta 27642s  n=45   cb run2
[ 1243/ 4000] elapsed 12438s eta 27609s  n=46   cb run2
[ 1244/ 4000] elapsed 12438s eta 27577s  n=48   cb run2
[ 1245/ 4000] elapsed 12439s eta 27547s  n=49   cb run2
[ 1246/ 4000] elapsed 12439s eta 27515s  n=51   cb run2
[ 1247/ 4000] elapsed 12439s eta 27483s  n=53   cb run2
[ 1248/ 4000] elapsed 12440s eta 27453s  n=54   cb run2
[ 1249/ 4000] elapsed 12440s eta 27421s  n=56   cb run2
[ 1250/ 4000] elapsed 12440s eta 27389s  n=58   cb run2
[ 1251/ 4000] elapsed 12441s eta 27360s  n=60   cb run2
[ 1252/ 4000] elapsed 12441s eta 27328s  n=62   cb run2
[ 1253/ 4000] elapsed 12441s eta 27296s  n=64   cb run2
[ 1254/ 4000] elapsed 12442s eta 27267s  n=66   cb run2
[ 1255/ 4000] elapsed 12442s eta 27235s  n=68   cb run2
[ 1256/ 4000] elapsed 12442s eta 27203s  n=71   cb run2
[ 1257/ 4000] elapsed 12443s eta 27174s  n=73   cb run2
[ 1258/ 4000] elapsed 12443s eta 27142s  n=75   cb run2
[ 1259/ 4000] elapsed 12444s eta 27113s  n=78   cb run2
[ 1260/ 4000] elapsed 12444s eta 27082s  n=81   cb run2
[ 1261/ 4000] elapsed 12445s eta 27053s  n=83   cb run2
[ 1262/ 4000] elapsed 12445s eta 27021s  n=86   cb run2
[ 1263/ 4000] elapsed 12446s eta 26992s  n=89   cb run2
[ 1264/ 4000] elapsed 12446s eta 26961s  n=92   cb run2
[ 1265/ 4000] elapsed 12447s eta 26932s  n=95   cb run2
[ 1266/ 4000] elapsed 12447s eta 26901s  n=98   cb run2
[ 1267/ 4000] elapsed 12448s eta 26872s  n=102  cb run2
[ 1268/ 4000] elapsed 12449s eta 26843s  n=105  cb run2
[ 1269/ 4000] elapsed 12449s eta 26812s  n=109  cb run2
[ 1270/ 4000] elapsed 12450s eta 26783s  n=112  cb run2
[ 1271/ 4000] elapsed 12451s eta 26754s  n=116  cb run2
[ 1272/ 4000] elapsed 12451s eta 26724s  n=120  cb run2
[ 1273/ 4000] elapsed 12452s eta 26695s  n=124  cb run2
[ 1274/ 4000] elapsed 12453s eta 26666s  n=128  cb run2
[ 1275/ 4000] elapsed 12454s eta 26638s  n=132  cb run2
[ 1276/ 4000] elapsed 12454s eta 26607s  n=137  cb run2
[ 1277/ 4000] elapsed 12455s eta 26579s  n=141  cb run2
[ 1278/ 4000] elapsed 12456s eta 26550s  n=146  cb run2
[ 1279/ 4000] elapsed 12457s eta 26522s  n=151  cb run2
[ 1280/ 4000] elapsed 12458s eta 26493s  n=156  cb run2
[ 1281/ 4000] elapsed 12459s eta 26465s  n=161  cb run2
[ 1282/ 4000] elapsed 12460s eta 26437s  n=167  cb run2
[ 1283/ 4000] elapsed 12461s eta 26409s  n=172  cb run2
[ 1284/ 4000] elapsed 12462s eta 26380s  n=178  cb run2
[ 1285/ 4000] elapsed 12463s eta 26352s  n=184  cb run2
[ 1286/ 4000] elapsed 12464s eta 26324s  n=190  cb run2
[ 1287/ 4000] elapsed 12465s eta 26296s  n=197  cb run2
[ 1288/ 4000] elapsed 12466s eta 26268s  n=203  cb run2
[ 1289/ 4000] elapsed 12468s eta 26242s  n=210  cb run2
[ 1290/ 4000] elapsed 12469s eta 26214s  n=217  cb run2
[ 1291/ 4000] elapsed 12470s eta 26187s  n=224  cb run2
[ 1292/ 4000] elapsed 12472s eta 26161s  n=232  cb run2
[ 1293/ 4000] elapsed 12473s eta 26133s  n=240  cb run2
[ 1294/ 4000] elapsed 12475s eta 26107s  n=248  cb run2
[ 1295/ 4000] elapsed 12476s eta 26080s  n=256  cb run2
[ 1296/ 4000] elapsed 12478s eta 26054s  n=265  cb run2
[ 1297/ 4000] elapsed 12480s eta 26028s  n=273  cb run2
[ 1298/ 4000] elapsed 12481s eta 26001s  n=283  cb run2
[ 1299/ 4000] elapsed 12483s eta 25975s  n=292  cb run2
[ 1300/ 4000] elapsed 12485s eta 25950s  n=302  cb run2
[ 1301/ 4000] elapsed 12487s eta 25924s  n=312  cb run2
[ 1302/ 4000] elapsed 12489s eta 25899s  n=323  cb run2
[ 1303/ 4000] elapsed 12491s eta 25874s  n=333  cb run2
[ 1304/ 4000] elapsed 12493s eta 25848s  n=345  cb run2
[ 1305/ 4000] elapsed 12495s eta 25823s  n=356  cb run2
[ 1306/ 4000] elapsed 12497s eta 25798s  n=368  cb run2
[ 1307/ 4000] elapsed 12500s eta 25775s  n=380  cb run2
[ 1308/ 4000] elapsed 12502s eta 25750s  n=393  cb run2
[ 1309/ 4000] elapsed 12505s eta 25727s  n=406  cb run2
[ 1310/ 4000] elapsed 12507s eta 25701s  n=420  cb run2
[ 1311/ 4000] elapsed 12510s eta 25678s  n=434  cb run2
[ 1312/ 4000] elapsed 12513s eta 25655s  n=449  cb run2
[ 1313/ 4000] elapsed 12516s eta 25632s  n=464  cb run2
[ 1314/ 4000] elapsed 12519s eta 25610s  n=479  cb run2
[ 1315/ 4000] elapsed 12522s eta 25587s  n=495  cb run2
[ 1316/ 4000] elapsed 12525s eta 25564s  n=512  cb run2
[ 1317/ 4000] elapsed 12528s eta 25541s  n=529  cb run2
[ 1318/ 4000] elapsed 12532s eta 25520s  n=547  cb run2
[ 1319/ 4000] elapsed 12536s eta 25500s  n=565  cb run2
[ 1320/ 4000] elapsed 12539s eta 25477s  n=584  cb run2
[ 1321/ 4000] elapsed 12543s eta 25456s  n=604  cb run2
[ 1322/ 4000] elapsed 12548s eta 25437s  n=624  cb run2
[ 1323/ 4000] elapsed 12552s eta 25417s  n=645  cb run2
[ 1324/ 4000] elapsed 12556s eta 25396s  n=667  cb run2
[ 1325/ 4000] elapsed 12561s eta 25378s  n=689  cb run2
[ 1326/ 4000] elapsed 12566s eta 25359s  n=712  cb run2
[ 1327/ 4000] elapsed 12571s eta 25341s  n=736  cb run2
[ 1328/ 4000] elapsed 12576s eta 25322s  n=761  cb run2
[ 1329/ 4000] elapsed 12581s eta 25304s  n=786  cb run2
[ 1330/ 4000] elapsed 12586s eta 25285s  n=813  cb run2
[ 1331/ 4000] elapsed 12592s eta 25269s  n=840  cb run2
[ 1332/ 4000] elapsed 12598s eta 25252s  n=868  cb run2
[ 1333/ 4000] elapsed 12604s eta 25236s  n=897  cb run2
[ 1334/ 4000] elapsed 12610s eta 25220s  n=927  cb run2
[ 1335/ 4000] elapsed 12616s eta 25203s  n=959  cb run2
[ 1336/ 4000] elapsed 12623s eta 25189s  n=991  cb run2
[ 1337/ 4000] elapsed 12630s eta 25174s  n=1024 cb run2
[ 1338/ 4000] elapsed 12637s eta 25160s  n=1058 cb run2
[ 1339/ 4000] elapsed 12644s eta 25146s  n=1094 cb run2
[ 1340/ 4000] elapsed 12652s eta 25133s  n=1131 cb run2
[ 1341/ 4000] elapsed 12660s eta 25121s  n=1169 cb run2
[ 1342/ 4000] elapsed 12669s eta 25111s  n=1208 cb run2
[ 1343/ 4000] elapsed 12677s eta 25098s  n=1248 cb run2
[ 1344/ 4000] elapsed 12686s eta 25088s  n=1290 cb run2
[ 1345/ 4000] elapsed 12695s eta 25078s  n=1333 cb run2
[ 1346/ 4000] elapsed 12705s eta 25069s  n=1378 cb run2
[ 1347/ 4000] elapsed 12715s eta 25061s  n=1424 cb run2
[ 1348/ 4000] elapsed 12725s eta 25053s  n=1472 cb run2
[ 1349/ 4000] elapsed 12735s eta 25044s  n=1522 cb run2
[ 1350/ 4000] elapsed 12746s eta 25038s  n=1573 cb run2
[ 1351/ 4000] elapsed 12757s eta 25032s  n=1625 cb run2
[ 1352/ 4000] elapsed 12769s eta 25027s  n=1680 cb run2
[ 1353/ 4000] elapsed 12781s eta 25023s  n=1736 cb run2
[ 1354/ 4000] elapsed 12794s eta 25020s  n=1795 cb run2
[ 1355/ 4000] elapsed 12807s eta 25018s  n=1855 cb run2
[ 1356/ 4000] elapsed 12820s eta 25015s  n=1917 cb run2
[ 1357/ 4000] elapsed 12834s eta 25014s  n=1982 cb run2
[ 1358/ 4000] elapsed 12848s eta 25014s  n=2048 cb run2
[ 1359/ 4000] elapsed 12863s eta 25015s  n=2117 cb run2
[ 1360/ 4000] elapsed 12878s eta 25016s  n=2188 cb run2
[ 1361/ 4000] elapsed 12894s eta 25020s  n=2261 cb run2
[ 1362/ 4000] elapsed 12911s eta 25025s  n=2337 cb run2
[ 1363/ 4000] elapsed 12928s eta 25030s  n=2415 cb run2
[ 1364/ 4000] elapsed 12946s eta 25037s  n=2497 cb run2
[ 1365/ 4000] elapsed 12964s eta 25044s  n=2580 cb run2
[ 1366/ 4000] elapsed 12983s eta 25052s  n=2667 cb run2
[ 1367/ 4000] elapsed 13002s eta 25061s  n=2756 cb run2
[ 1368/ 4000] elapsed 13023s eta 25074s  n=2849 cb run2
[ 1369/ 4000] elapsed 13044s eta 25086s  n=2945 cb run2
[ 1370/ 4000] elapsed 13066s eta 25101s  n=3043 cb run2
[ 1371/ 4000] elapsed 13089s eta 25117s  n=3145 cb run2
[ 1372/ 4000] elapsed 13113s eta 25135s  n=3251 cb run2
[ 1373/ 4000] elapsed 13137s eta 25153s  n=3360 cb run2
[ 1374/ 4000] elapsed 13163s eta 25175s  n=3473 cb run2
[ 1375/ 4000] elapsed 13189s eta 25197s  n=3589 cb run2
[ 1376/ 4000] elapsed 13216s eta 25220s  n=3710 cb run2
[ 1377/ 4000] elapsed 13244s eta 25246s  n=3834 cb run2
[ 1378/ 4000] elapsed 13274s eta 25275s  n=3963 cb run2
[ 1379/ 4000] elapsed 13305s eta 25306s  n=4096 cb run2
[ 1380/ 4000] elapsed 13337s eta 25339s  n=4233 cb run2
[ 1381/ 4000] elapsed 13370s eta 25373s  n=4376 cb run2
[ 1382/ 4000] elapsed 13405s eta 25412s  n=4522 cb run2
[ 1383/ 4000] elapsed 13442s eta 25454s  n=4674 cb run2
[ 1384/ 4000] elapsed 13480s eta 25497s  n=4831 cb run2
[ 1385/ 4000] elapsed 13520s eta 25545s  n=4993 cb run2
[ 1386/ 4000] elapsed 13562s eta 25596s  n=5161 cb run2
[ 1387/ 4000] elapsed 13606s eta 25651s  n=5334 cb run2
[ 1388/ 4000] elapsed 13652s eta 25709s  n=5513 cb run2
[ 1389/ 4000] elapsed 13699s eta 25769s  n=5698 cb run2
[ 1390/ 4000] elapsed 13749s eta 25835s  n=5889 cb run2
[ 1391/ 4000] elapsed 13800s eta 25902s  n=6087 cb run2
[ 1392/ 4000] elapsed 13854s eta 25975s  n=6291 cb run2
[ 1393/ 4000] elapsed 13910s eta 26051s  n=6502 cb run2
[ 1394/ 4000] elapsed 13969s eta 26132s  n=6720 cb run2
[ 1395/ 4000] elapsed 14030s eta 26218s  n=6946 cb run2
[ 1396/ 4000] elapsed 14093s eta 26306s  n=7179 cb run2
[ 1397/ 4000] elapsed 14159s eta 26401s  n=7420 cb run2
[ 1398/ 4000] elapsed 14229s eta 26502s  n=7669 cb run2
[ 1399/ 4000] elapsed 14301s eta 26607s  n=7926 cb run2
[ 1400/ 4000] elapsed 14377s eta 26719s  n=8192 cb run2
[ 1401/ 4000] elapsed 14455s eta 26834s  n=1    cs run2
[ 1402/ 4000] elapsed 14455s eta 26805s  n=2    cs run2
[ 1403/ 4000] elapsed 14455s eta 26775s  n=3    cs run2
[ 1404/ 4000] elapsed 14455s eta 26746s  n=4    cs run2
[ 1405/ 4000] elapsed 14455s eta 26717s  n=5    cs run2
[ 1406/ 4000] elapsed 14456s eta 26689s  n=6    cs run2
[ 1407/ 4000] elapsed 14456s eta 26660s  n=7    cs run2
[ 1408/ 4000] elapsed 14456s eta 26631s  n=8    cs run2
[ 1409/ 4000] elapsed 14456s eta 26601s  n=9    cs run2
[ 1410/ 4000] elapsed 14456s eta 26572s  n=10   cs run2
[ 1411/ 4000] elapsed 14456s eta 26543s  n=11   cs run2
[ 1412/ 4000] elapsed 14456s eta 26514s  n=12   cs run2
[ 1413/ 4000] elapsed 14456s eta 26485s  n=13   cs run2
[ 1414/ 4000] elapsed 14456s eta 26456s  n=14   cs run2
[ 1415/ 4000] elapsed 14456s eta 26427s  n=15   cs run2
[ 1416/ 4000] elapsed 14456s eta 26398s  n=16   cs run2
[ 1417/ 4000] elapsed 14456s eta 26369s  n=17   cs run2
[ 1418/ 4000] elapsed 14456s eta 26341s  n=18   cs run2
[ 1419/ 4000] elapsed 14457s eta 26314s  n=19   cs run2
[ 1420/ 4000] elapsed 14457s eta 26285s  n=20   cs run2
[ 1421/ 4000] elapsed 14457s eta 26256s  n=21   cs run2
[ 1422/ 4000] elapsed 14457s eta 26228s  n=22   cs run2
[ 1423/ 4000] elapsed 14457s eta 26199s  n=23   cs run2
[ 1424/ 4000] elapsed 14457s eta 26170s  n=24   cs run2
[ 1425/ 4000] elapsed 14457s eta 26142s  n=25   cs run2
[ 1426/ 4000] elapsed 14457s eta 26113s  n=26   cs run2
[ 1427/ 4000] elapsed 14458s eta 26087s  n=27   cs run2
[ 1428/ 4000] elapsed 14458s eta 26058s  n=28   cs run2
[ 1429/ 4000] elapsed 14458s eta 26030s  n=29   cs run2
[ 1430/ 4000] elapsed 14458s eta 26002s  n=30   cs run2
[ 1431/ 4000] elapsed 14458s eta 25973s  n=31   cs run2
[ 1432/ 4000] elapsed 14459s eta 25947s  n=32   cs run2
[ 1433/ 4000] elapsed 14459s eta 25919s  n=33   cs run2
[ 1434/ 4000] elapsed 14459s eta 25890s  n=34   cs run2
[ 1435/ 4000] elapsed 14459s eta 25862s  n=35   cs run2
[ 1436/ 4000] elapsed 14459s eta 25834s  n=37   cs run2
[ 1437/ 4000] elapsed 14460s eta 25808s  n=38   cs run2
[ 1438/ 4000] elapsed 14460s eta 25780s  n=39   cs run2
[ 1439/ 4000] elapsed 14460s eta 25752s  n=40   cs run2
[ 1440/ 4000] elapsed 14460s eta 25724s  n=42   cs run2
[ 1441/ 4000] elapsed 14460s eta 25696s  n=43   cs run2
[ 1442/ 4000] elapsed 14461s eta 25670s  n=45   cs run2
[ 1443/ 4000] elapsed 14461s eta 25642s  n=46   cs run2
[ 1444/ 4000] elapsed 14461s eta 25614s  n=48   cs run2
[ 1445/ 4000] elapsed 14462s eta 25588s  n=49   cs run2
[ 1446/ 4000] elapsed 14462s eta 25561s  n=51   cs run2
[ 1447/ 4000] elapsed 14462s eta 25533s  n=53   cs run2
[ 1448/ 4000] elapsed 14462s eta 25505s  n=54   cs run2
[ 1449/ 4000] elapsed 14463s eta 25480s  n=56   cs run2
[ 1450/ 4000] elapsed 14463s eta 25452s  n=58   cs run2
[ 1451/ 4000] elapsed 14463s eta 25424s  n=60   cs run2
[ 1452/ 4000] elapsed 14464s eta 25399s  n=62   cs run2
[ 1453/ 4000] elapsed 14464s eta 25371s  n=64   cs run2
[ 1454/ 4000] elapsed 14465s eta 25346s  n=66   cs run2
[ 1455/ 4000] elapsed 14465s eta 25318s  n=68   cs run2
[ 1456/ 4000] elapsed 14465s eta 25291s  n=71   cs run2
[ 1457/ 4000] elapsed 14466s eta 25265s  n=73   cs run2
[ 1458/ 4000] elapsed 14466s eta 25238s  n=75   cs run2
[ 1459/ 4000] elapsed 14467s eta 25213s  n=78   cs run2
[ 1460/ 4000] elapsed 14467s eta 25185s  n=81   cs run2
[ 1461/ 4000] elapsed 14468s eta 25160s  n=83   cs run2
[ 1462/ 4000] elapsed 14468s eta 25133s  n=86   cs run2
[ 1463/ 4000] elapsed 14469s eta 25107s  n=89   cs run2
[ 1464/ 4000] elapsed 14469s eta 25080s  n=92   cs run2
[ 1465/ 4000] elapsed 14470s eta 25055s  n=95   cs run2
[ 1466/ 4000] elapsed 14470s eta 25028s  n=98   cs run2
[ 1467/ 4000] elapsed 14471s eta 25003s  n=102  cs run2
[ 1468/ 4000] elapsed 14471s eta 24976s  n=105  cs run2
[ 1469/ 4000] elapsed 14472s eta 24951s  n=109  cs run2
[ 1470/ 4000] elapsed 14473s eta 24926s  n=112  cs run2
[ 1471/ 4000] elapsed 14473s eta 24899s  n=116  cs run2
[ 1472/ 4000] elapsed 14474s eta 24874s  n=120  cs run2
[ 1473/ 4000] elapsed 14475s eta 24849s  n=124  cs run2
[ 1474/ 4000] elapsed 14476s eta 24824s  n=128  cs run2
[ 1475/ 4000] elapsed 14476s eta 24797s  n=132  cs run2
[ 1476/ 4000] elapsed 14477s eta 24772s  n=137  cs run2
[ 1477/ 4000] elapsed 14478s eta 24747s  n=141  cs run2
[ 1478/ 4000] elapsed 14479s eta 24723s  n=146  cs run2
[ 1479/ 4000] elapsed 14480s eta 24698s  n=151  cs run2
[ 1480/ 4000] elapsed 14481s eta 24673s  n=156  cs run2
[ 1481/ 4000] elapsed 14481s eta 24647s  n=161  cs run2
[ 1482/ 4000] elapsed 14482s eta 24622s  n=167  cs run2
[ 1483/ 4000] elapsed 14483s eta 24597s  n=172  cs run2
[ 1484/ 4000] elapsed 14485s eta 24574s  n=178  cs run2
[ 1485/ 4000] elapsed 14486s eta 24550s  n=184  cs run2
[ 1486/ 4000] elapsed 14487s eta 24525s  n=190  cs run2
[ 1487/ 4000] elapsed 14488s eta 24500s  n=197  cs run2
[ 1488/ 4000] elapsed 14489s eta 24476s  n=203  cs run2
[ 1489/ 4000] elapsed 14490s eta 24451s  n=210  cs run2
[ 1490/ 4000] elapsed 14492s eta 24429s  n=217  cs run2
[ 1491/ 4000] elapsed 14493s eta 24404s  n=224  cs run2
[ 1492/ 4000] elapsed 14494s eta 24380s  n=232  cs run2
[ 1493/ 4000] elapsed 14496s eta 24357s  n=240  cs run2
[ 1494/ 4000] elapsed 14497s eta 24333s  n=248  cs run2
[ 1495/ 4000] elapsed 14499s eta 24310s  n=256  cs run2
[ 1496/ 4000] elapsed 14501s eta 24287s  n=265  cs run2
[ 1497/ 4000] elapsed 14502s eta 24263s  n=273  cs run2
[ 1498/ 4000] elapsed 14504s eta 24241s  n=283  cs run2
[ 1499/ 4000] elapsed 14506s eta 24218s  n=292  cs run2
[ 1500/ 4000] elapsed 14508s eta 24196s  n=302  cs run2
[ 1501/ 4000] elapsed 14510s eta 24173s  n=312  cs run2
[ 1502/ 4000] elapsed 14512s eta 24151s  n=323  cs run2
[ 1503/ 4000] elapsed 14514s eta 24128s  n=333  cs run2
[ 1504/ 4000] elapsed 14516s eta 24106s  n=345  cs run2
[ 1505/ 4000] elapsed 14518s eta 24084s  n=356  cs run2
[ 1506/ 4000] elapsed 14520s eta 24061s  n=368  cs run2
[ 1507/ 4000] elapsed 14523s eta 24041s  n=380  cs run2
[ 1508/ 4000] elapsed 14525s eta 24018s  n=393  cs run2
[ 1509/ 4000] elapsed 14527s eta 23996s  n=406  cs run2
[ 1510/ 4000] elapsed 14530s eta 23975s  n=420  cs run2
[ 1511/ 4000] elapsed 14533s eta 23955s  n=434  cs run2
[ 1512/ 4000] elapsed 14536s eta 23934s  n=449  cs run2
[ 1513/ 4000] elapsed 14538s eta 23912s  n=464  cs run2
[ 1514/ 4000] elapsed 14541s eta 23892s  n=479  cs run2
[ 1515/ 4000] elapsed 14544s eta 23871s  n=495  cs run2
[ 1516/ 4000] elapsed 14548s eta 23852s  n=512  cs run2
[ 1517/ 4000] elapsed 14551s eta 23832s  n=529  cs run2
[ 1518/ 4000] elapsed 14554s eta 23812s  n=547  cs run2
[ 1519/ 4000] elapsed 14558s eta 23793s  n=565  cs run2
[ 1520/ 4000] elapsed 14562s eta 23774s  n=584  cs run2
[ 1521/ 4000] elapsed 14566s eta 23755s  n=604  cs run2
[ 1522/ 4000] elapsed 14570s eta 23737s  n=624  cs run2
[ 1523/ 4000] elapsed 14575s eta 23720s  n=645  cs run2
[ 1524/ 4000] elapsed 14579s eta 23701s  n=667  cs run2
[ 1525/ 4000] elapsed 14584s eta 23684s  n=689  cs run2
[ 1526/ 4000] elapsed 14589s eta 23667s  n=712  cs run2
[ 1527/ 4000] elapsed 14594s eta 23650s  n=736  cs run2
[ 1528/ 4000] elapsed 14599s eta 23633s  n=761  cs run2
[ 1529/ 4000] elapsed 14604s eta 23616s  n=786  cs run2
[ 1530/ 4000] elapsed 14609s eta 23599s  n=813  cs run2
[ 1531/ 4000] elapsed 14615s eta 23584s  n=840  cs run2
[ 1532/ 4000] elapsed 14621s eta 23569s  n=868  cs run2
[ 1533/ 4000] elapsed 14627s eta 23554s  n=897  cs run2
[ 1534/ 4000] elapsed 14633s eta 23538s  n=927  cs run2
[ 1535/ 4000] elapsed 14640s eta 23525s  n=959  cs run2
[ 1536/ 4000] elapsed 14646s eta 23509s  n=991  cs run2
[ 1537/ 4000] elapsed 14653s eta 23496s  n=1024 cs run2
[ 1538/ 4000] elapsed 14660s eta 23482s  n=1058 cs run2
[ 1539/ 4000] elapsed 14668s eta 23470s  n=1094 cs run2
[ 1540/ 4000] elapsed 14675s eta 23457s  n=1131 cs run2
[ 1541/ 4000] elapsed 14683s eta 23445s  n=1169 cs run2
[ 1542/ 4000] elapsed 14692s eta 23434s  n=1208 cs run2
[ 1543/ 4000] elapsed 14700s eta 23422s  n=1248 cs run2
[ 1544/ 4000] elapsed 14709s eta 23412s  n=1290 cs run2
[ 1545/ 4000] elapsed 14718s eta 23402s  n=1333 cs run2
[ 1546/ 4000] elapsed 14728s eta 23393s  n=1378 cs run2
[ 1547/ 4000] elapsed 14737s eta 23382s  n=1424 cs run2
[ 1548/ 4000] elapsed 14747s eta 23374s  n=1472 cs run2
[ 1549/ 4000] elapsed 14758s eta 23366s  n=1522 cs run2
[ 1550/ 4000] elapsed 14769s eta 23359s  n=1573 cs run2
[ 1551/ 4000] elapsed 14780s eta 23352s  n=1625 cs run2
[ 1552/ 4000] elapsed 14792s eta 23346s  n=1680 cs run2
[ 1553/ 4000] elapsed 14804s eta 23341s  n=1736 cs run2
[ 1554/ 4000] elapsed 14816s eta 23335s  n=1795 cs run2
[ 1555/ 4000] elapsed 14829s eta 23331s  n=1855 cs run2
[ 1556/ 4000] elapsed 14843s eta 23328s  n=1917 cs run2
[ 1557/ 4000] elapsed 14857s eta 23326s  n=1982 cs run2
[ 1558/ 4000] elapsed 14871s eta 23323s  n=2048 cs run2
[ 1559/ 4000] elapsed 14886s eta 23322s  n=2117 cs run2
[ 1560/ 4000] elapsed 14901s eta 23321s  n=2188 cs run2
[ 1561/ 4000] elapsed 14917s eta 23322s  n=2261 cs run2
[ 1562/ 4000] elapsed 14934s eta 23324s  n=2337 cs run2
[ 1563/ 4000] elapsed 14951s eta 23326s  n=2415 cs run2
[ 1564/ 4000] elapsed 14968s eta 23328s  n=2497 cs run2
[ 1565/ 4000] elapsed 14987s eta 23333s  n=2580 cs run2
[ 1566/ 4000] elapsed 15006s eta 23338s  n=2667 cs run2
[ 1567/ 4000] elapsed 15025s eta 23343s  n=2756 cs run2
[ 1568/ 4000] elapsed 15046s eta 23351s  n=2849 cs run2
[ 1569/ 4000] elapsed 15067s eta 23359s  n=2945 cs run2
[ 1570/ 4000] elapsed 15088s eta 23367s  n=3043 cs run2
[ 1571/ 4000] elapsed 15111s eta 23378s  n=3145 cs run2
[ 1572/ 4000] elapsed 15135s eta 23391s  n=3251 cs run2
[ 1573/ 4000] elapsed 15159s eta 23403s  n=3360 cs run2
[ 1574/ 4000] elapsed 15185s eta 23419s  n=3473 cs run2
[ 1575/ 4000] elapsed 15211s eta 23434s  n=3589 cs run2
[ 1576/ 4000] elapsed 15238s eta 23452s  n=3710 cs run2
[ 1577/ 4000] elapsed 15266s eta 23470s  n=3834 cs run2
[ 1578/ 4000] elapsed 15296s eta 23492s  n=3963 cs run2
[ 1579/ 4000] elapsed 15327s eta 23514s  n=4096 cs run2
[ 1580/ 4000] elapsed 15360s eta 23540s  n=4233 cs run2
[ 1581/ 4000] elapsed 15393s eta 23566s  n=4376 cs run2
[ 1582/ 4000] elapsed 15428s eta 23595s  n=4522 cs run2
[ 1583/ 4000] elapsed 15465s eta 23627s  n=4674 cs run2
[ 1584/ 4000] elapsed 15503s eta 23660s  n=4831 cs run2
[ 1585/ 4000] elapsed 15543s eta 23697s  n=4993 cs run2
[ 1586/ 4000] elapsed 15584s eta 23734s  n=5161 cs run2
[ 1587/ 4000] elapsed 15628s eta 23777s  n=5334 cs run2
[ 1588/ 4000] elapsed 15673s eta 23820s  n=5513 cs run2
[ 1589/ 4000] elapsed 15720s eta 23867s  n=5698 cs run2
[ 1590/ 4000] elapsed 15770s eta 23917s  n=5889 cs run2
[ 1591/ 4000] elapsed 15822s eta 23971s  n=6087 cs run2
[ 1592/ 4000] elapsed 15876s eta 24028s  n=6291 cs run2
[ 1593/ 4000] elapsed 15933s eta 24089s  n=6502 cs run2
[ 1594/ 4000] elapsed 15991s eta 24152s  n=6720 cs run2
[ 1595/ 4000] elapsed 16052s eta 24218s  n=6946 cs run2
[ 1596/ 4000] elapsed 16116s eta 24290s  n=7179 cs run2
[ 1597/ 4000] elapsed 16182s eta 24364s  n=7420 cs run2
[ 1598/ 4000] elapsed 16251s eta 24442s  n=7669 cs run2
[ 1599/ 4000] elapsed 16323s eta 24525s  n=7926 cs run2
[ 1600/ 4000] elapsed 16398s eta 24612s  n=8192 cs run2
[ 1601/ 4000] elapsed 16476s eta 24703s  n=1    hb run3
[ 1602/ 4000] elapsed 16476s eta 24677s  n=2    hb run3
[ 1603/ 4000] elapsed 16476s eta 24652s  n=3    hb run3
[ 1604/ 4000] elapsed 16476s eta 24626s  n=4    hb run3
[ 1605/ 4000] elapsed 16476s eta 24601s  n=5    hb run3
[ 1606/ 4000] elapsed 16476s eta 24575s  n=6    hb run3
[ 1607/ 4000] elapsed 16476s eta 24549s  n=7    hb run3
[ 1608/ 4000] elapsed 16476s eta 24524s  n=8    hb run3
[ 1609/ 4000] elapsed 16476s eta 24498s  n=9    hb run3
[ 1610/ 4000] elapsed 16476s eta 24473s  n=10   hb run3
[ 1611/ 4000] elapsed 16477s eta 24449s  n=11   hb run3
[ 1612/ 4000] elapsed 16477s eta 24424s  n=12   hb run3
[ 1613/ 4000] elapsed 16477s eta 24398s  n=13   hb run3
[ 1614/ 4000] elapsed 16477s eta 24373s  n=14   hb run3
[ 1615/ 4000] elapsed 16477s eta 24347s  n=15   hb run3
[ 1616/ 4000] elapsed 16477s eta 24322s  n=16   hb run3
[ 1617/ 4000] elapsed 16477s eta 24297s  n=17   hb run3
[ 1618/ 4000] elapsed 16477s eta 24272s  n=18   hb run3
[ 1619/ 4000] elapsed 16477s eta 24247s  n=19   hb run3
[ 1620/ 4000] elapsed 16477s eta 24221s  n=20   hb run3
[ 1621/ 4000] elapsed 16477s eta 24196s  n=21   hb run3
[ 1622/ 4000] elapsed 16477s eta 24171s  n=22   hb run3
[ 1623/ 4000] elapsed 16478s eta 24148s  n=23   hb run3
[ 1624/ 4000] elapsed 16478s eta 24123s  n=24   hb run3
[ 1625/ 4000] elapsed 16478s eta 24098s  n=25   hb run3
[ 1626/ 4000] elapsed 16478s eta 24073s  n=26   hb run3
[ 1627/ 4000] elapsed 16478s eta 24048s  n=27   hb run3
[ 1628/ 4000] elapsed 16478s eta 24023s  n=28   hb run3
[ 1629/ 4000] elapsed 16478s eta 23998s  n=29   hb run3
[ 1630/ 4000] elapsed 16479s eta 23974s  n=30   hb run3
[ 1631/ 4000] elapsed 16479s eta 23950s  n=31   hb run3
[ 1632/ 4000] elapsed 16479s eta 23925s  n=32   hb run3
[ 1633/ 4000] elapsed 16479s eta 23900s  n=33   hb run3
[ 1634/ 4000] elapsed 16479s eta 23875s  n=34   hb run3
[ 1635/ 4000] elapsed 16479s eta 23851s  n=35   hb run3
[ 1636/ 4000] elapsed 16480s eta 23827s  n=37   hb run3
[ 1637/ 4000] elapsed 16480s eta 23803s  n=38   hb run3
[ 1638/ 4000] elapsed 16480s eta 23778s  n=39   hb run3
[ 1639/ 4000] elapsed 16480s eta 23754s  n=40   hb run3
[ 1640/ 4000] elapsed 16481s eta 23731s  n=42   hb run3
[ 1641/ 4000] elapsed 16481s eta 23706s  n=43   hb run3
[ 1642/ 4000] elapsed 16481s eta 23682s  n=45   hb run3
[ 1643/ 4000] elapsed 16481s eta 23657s  n=46   hb run3
[ 1644/ 4000] elapsed 16482s eta 23634s  n=48   hb run3
[ 1645/ 4000] elapsed 16482s eta 23610s  n=49   hb run3
[ 1646/ 4000] elapsed 16482s eta 23585s  n=51   hb run3
[ 1647/ 4000] elapsed 16482s eta 23561s  n=53   hb run3
[ 1648/ 4000] elapsed 16483s eta 23538s  n=54   hb run3
[ 1649/ 4000] elapsed 16483s eta 23514s  n=56   hb run3
[ 1650/ 4000] elapsed 16483s eta 23490s  n=58   hb run3
[ 1651/ 4000] elapsed 16484s eta 23467s  n=60   hb run3
[ 1652/ 4000] elapsed 16484s eta 23443s  n=62   hb run3
[ 1653/ 4000] elapsed 16484s eta 23418s  n=64   hb run3
[ 1654/ 4000] elapsed 16485s eta 23396s  n=66   hb run3
[ 1655/ 4000] elapsed 16485s eta 23372s  n=68   hb run3
[ 1656/ 4000] elapsed 16485s eta 23347s  n=71   hb run3
[ 1657/ 4000] elapsed 16486s eta 23325s  n=73   hb run3
[ 1658/ 4000] elapsed 16486s eta 23301s  n=75   hb run3
[ 1659/ 4000] elapsed 16487s eta 23278s  n=78   hb run3
[ 1660/ 4000] elapsed 16487s eta 23254s  n=81   hb run3
[ 1661/ 4000] elapsed 16487s eta 23230s  n=83   hb run3
[ 1662/ 4000] elapsed 16488s eta 23208s  n=86   hb run3
[ 1663/ 4000] elapsed 16488s eta 23184s  n=89   hb run3
[ 1664/ 4000] elapsed 16489s eta 23161s  n=92   hb run3
[ 1665/ 4000] elapsed 16490s eta 23139s  n=95   hb run3
[ 1666/ 4000] elapsed 16490s eta 23115s  n=98   hb run3
[ 1667/ 4000] elapsed 16491s eta 23093s  n=102  hb run3
[ 1668/ 4000] elapsed 16491s eta 23069s  n=105  hb run3
[ 1669/ 4000] elapsed 16492s eta 23047s  n=109  hb run3
[ 1670/ 4000] elapsed 16493s eta 23024s  n=112  hb run3
[ 1671/ 4000] elapsed 16493s eta 23001s  n=116  hb run3
[ 1672/ 4000] elapsed 16494s eta 22979s  n=120  hb run3
[ 1673/ 4000] elapsed 16495s eta 22956s  n=124  hb run3
[ 1674/ 4000] elapsed 16495s eta 22933s  n=128  hb run3
[ 1675/ 4000] elapsed 16496s eta 22911s  n=132  hb run3
[ 1676/ 4000] elapsed 16497s eta 22888s  n=137  hb run3
[ 1677/ 4000] elapsed 16498s eta 22866s  n=141  hb run3
[ 1678/ 4000] elapsed 16498s eta 22843s  n=146  hb run3
[ 1679/ 4000] elapsed 16499s eta 22821s  n=151  hb run3
[ 1680/ 4000] elapsed 16500s eta 22799s  n=156  hb run3
[ 1681/ 4000] elapsed 16501s eta 22777s  n=161  hb run3
[ 1682/ 4000] elapsed 16502s eta 22755s  n=167  hb run3
[ 1683/ 4000] elapsed 16503s eta 22733s  n=172  hb run3
[ 1684/ 4000] elapsed 16504s eta 22711s  n=178  hb run3
[ 1685/ 4000] elapsed 16505s eta 22689s  n=184  hb run3
[ 1686/ 4000] elapsed 16506s eta 22667s  n=190  hb run3
[ 1687/ 4000] elapsed 16507s eta 22645s  n=197  hb run3
[ 1688/ 4000] elapsed 16509s eta 22625s  n=203  hb run3
[ 1689/ 4000] elapsed 16510s eta 22603s  n=210  hb run3
[ 1690/ 4000] elapsed 16511s eta 22581s  n=217  hb run3
[ 1691/ 4000] elapsed 16513s eta 22561s  n=224  hb run3
[ 1692/ 4000] elapsed 16514s eta 22539s  n=232  hb run3
[ 1693/ 4000] elapsed 16515s eta 22517s  n=240  hb run3
[ 1694/ 4000] elapsed 16517s eta 22497s  n=248  hb run3
[ 1695/ 4000] elapsed 16518s eta 22475s  n=256  hb run3
[ 1696/ 4000] elapsed 16520s eta 22455s  n=265  hb run3
[ 1697/ 4000] elapsed 16522s eta 22435s  n=273  hb run3
[ 1698/ 4000] elapsed 16523s eta 22413s  n=283  hb run3
[ 1699/ 4000] elapsed 16525s eta 22393s  n=292  hb run3
[ 1700/ 4000] elapsed 16527s eta 22373s  n=302  hb run3
[ 1701/ 4000] elapsed 16529s eta 22353s  n=312  hb run3
[ 1702/ 4000] elapsed 16531s eta 22332s  n=323  hb run3
[ 1703/ 4000] elapsed 16533s eta 22312s  n=333  hb run3
[ 1704/ 4000] elapsed 16535s eta 22292s  n=345  hb run3
[ 1705/ 4000] elapsed 16537s eta 22272s  n=356  hb run3
[ 1706/ 4000] elapsed 16539s eta 22252s  n=368  hb run3
[ 1707/ 4000] elapsed 16541s eta 22232s  n=380  hb run3
[ 1708/ 4000] elapsed 16544s eta 22213s  n=393  hb run3
[ 1709/ 4000] elapsed 16546s eta 22193s  n=406  hb run3
[ 1710/ 4000] elapsed 16549s eta 22175s  n=420  hb run3
[ 1711/ 4000] elapsed 16552s eta 22156s  n=434  hb run3
[ 1712/ 4000] elapsed 16554s eta 22136s  n=449  hb run3
[ 1713/ 4000] elapsed 16557s eta 22117s  n=464  hb run3
[ 1714/ 4000] elapsed 16560s eta 22099s  n=479  hb run3
[ 1715/ 4000] elapsed 16563s eta 22080s  n=495  hb run3
[ 1716/ 4000] elapsed 16566s eta 22062s  n=512  hb run3
[ 1717/ 4000] elapsed 16570s eta 22045s  n=529  hb run3
[ 1718/ 4000] elapsed 16573s eta 22026s  n=547  hb run3
[ 1719/ 4000] elapsed 16577s eta 22009s  n=565  hb run3
[ 1720/ 4000] elapsed 16581s eta 21992s  n=584  hb run3
[ 1721/ 4000] elapsed 16585s eta 21975s  n=604  hb run3
[ 1722/ 4000] elapsed 16589s eta 21958s  n=624  hb run3
[ 1723/ 4000] elapsed 16593s eta 21940s  n=645  hb run3
[ 1724/ 4000] elapsed 16598s eta 21925s  n=667  hb run3
[ 1725/ 4000] elapsed 16602s eta 21908s  n=689  hb run3
[ 1726/ 4000] elapsed 16607s eta 21892s  n=712  hb run3
[ 1727/ 4000] elapsed 16612s eta 21876s  n=736  hb run3
[ 1728/ 4000] elapsed 16617s eta 21860s  n=761  hb run3
[ 1729/ 4000] elapsed 16622s eta 21845s  n=786  hb run3
[ 1730/ 4000] elapsed 16628s eta 21830s  n=813  hb run3
[ 1731/ 4000] elapsed 16633s eta 21815s  n=840  hb run3
[ 1732/ 4000] elapsed 16639s eta 21800s  n=868  hb run3
[ 1733/ 4000] elapsed 16645s eta 21786s  n=897  hb run3
[ 1734/ 4000] elapsed 16652s eta 21773s  n=927  hb run3
[ 1735/ 4000] elapsed 16658s eta 21759s  n=959  hb run3
[ 1736/ 4000] elapsed 16665s eta 21746s  n=991  hb run3
[ 1737/ 4000] elapsed 16672s eta 21733s  n=1024 hb run3
[ 1738/ 4000] elapsed 16679s eta 21720s  n=1058 hb run3
[ 1739/ 4000] elapsed 16686s eta 21707s  n=1094 hb run3
[ 1740/ 4000] elapsed 16694s eta 21695s  n=1131 hb run3
[ 1741/ 4000] elapsed 16702s eta 21683s  n=1169 hb run3
[ 1742/ 4000] elapsed 16710s eta 21672s  n=1208 hb run3
[ 1743/ 4000] elapsed 16718s eta 21660s  n=1248 hb run3
[ 1744/ 4000] elapsed 16727s eta 21650s  n=1290 hb run3
[ 1745/ 4000] elapsed 16736s eta 21639s  n=1333 hb run3
[ 1746/ 4000] elapsed 16746s eta 21630s  n=1378 hb run3
[ 1747/ 4000] elapsed 16755s eta 21620s  n=1424 hb run3
[ 1748/ 4000] elapsed 16766s eta 21612s  n=1472 hb run3
[ 1749/ 4000] elapsed 16776s eta 21603s  n=1522 hb run3
[ 1750/ 4000] elapsed 16787s eta 21595s  n=1573 hb run3
[ 1751/ 4000] elapsed 16798s eta 21587s  n=1625 hb run3
[ 1752/ 4000] elapsed 16810s eta 21581s  n=1680 hb run3
[ 1753/ 4000] elapsed 16822s eta 21574s  n=1736 hb run3
[ 1754/ 4000] elapsed 16834s eta 21568s  n=1795 hb run3
[ 1755/ 4000] elapsed 16847s eta 21563s  n=1855 hb run3
[ 1756/ 4000] elapsed 16860s eta 21557s  n=1917 hb run3
[ 1757/ 4000] elapsed 16874s eta 21553s  n=1982 hb run3
[ 1758/ 4000] elapsed 16889s eta 21551s  n=2048 hb run3
[ 1759/ 4000] elapsed 16904s eta 21548s  n=2117 hb run3
[ 1760/ 4000] elapsed 16919s eta 21545s  n=2188 hb run3
[ 1761/ 4000] elapsed 16935s eta 21544s  n=2261 hb run3
[ 1762/ 4000] elapsed 16951s eta 21542s  n=2337 hb run3
[ 1763/ 4000] elapsed 16968s eta 21542s  n=2415 hb run3
[ 1764/ 4000] elapsed 16986s eta 21543s  n=2497 hb run3
[ 1765/ 4000] elapsed 17004s eta 21544s  n=2580 hb run3
[ 1766/ 4000] elapsed 17023s eta 21546s  n=2667 hb run3
[ 1767/ 4000] elapsed 17043s eta 21549s  n=2756 hb run3
[ 1768/ 4000] elapsed 17063s eta 21553s  n=2849 hb run3
[ 1769/ 4000] elapsed 17084s eta 21557s  n=2945 hb run3
[ 1770/ 4000] elapsed 17106s eta 21563s  n=3043 hb run3
[ 1771/ 4000] elapsed 17129s eta 21570s  n=3145 hb run3
[ 1772/ 4000] elapsed 17152s eta 21578s  n=3251 hb run3
[ 1773/ 4000] elapsed 17177s eta 21587s  n=3360 hb run3
[ 1774/ 4000] elapsed 17202s eta 21597s  n=3473 hb run3
[ 1775/ 4000] elapsed 17228s eta 21607s  n=3589 hb run3
[ 1776/ 4000] elapsed 17255s eta 21619s  n=3710 hb run3
[ 1777/ 4000] elapsed 17284s eta 21634s  n=3834 hb run3
[ 1778/ 4000] elapsed 17313s eta 21648s  n=3963 hb run3
[ 1779/ 4000] elapsed 17344s eta 21665s  n=4096 hb run3
[ 1780/ 4000] elapsed 17375s eta 21682s  n=4233 hb run3
[ 1781/ 4000] elapsed 17409s eta 21702s  n=4376 hb run3
[ 1782/ 4000] elapsed 17444s eta 21724s  n=4522 hb run3
[ 1783/ 4000] elapsed 17480s eta 21747s  n=4674 hb run3
[ 1784/ 4000] elapsed 17518s eta 21772s  n=4831 hb run3
[ 1785/ 4000] elapsed 17558s eta 21799s  n=4993 hb run3
[ 1786/ 4000] elapsed 17600s eta 21829s  n=5161 hb run3
[ 1787/ 4000] elapsed 17643s eta 21861s  n=5334 hb run3
[ 1788/ 4000] elapsed 17688s eta 21894s  n=5513 hb run3
[ 1789/ 4000] elapsed 17735s eta 21930s  n=5698 hb run3
[ 1790/ 4000] elapsed 17785s eta 21970s  n=5889 hb run3
[ 1791/ 4000] elapsed 17837s eta 22012s  n=6087 hb run3
[ 1792/ 4000] elapsed 17896s eta 22062s  n=6291 hb run3
[ 1793/ 4000] elapsed 17952s eta 22109s  n=6502 hb run3
[ 1794/ 4000] elapsed 18011s eta 22159s  n=6720 hb run3
[ 1795/ 4000] elapsed 18072s eta 22212s  n=6946 hb run3
[ 1796/ 4000] elapsed 18136s eta 22268s  n=7179 hb run3
[ 1797/ 4000] elapsed 18202s eta 22326s  n=7420 hb run3
[ 1798/ 4000] elapsed 18271s eta 22388s  n=7669 hb run3
[ 1799/ 4000] elapsed 18343s eta 22454s  n=7926 hb run3
[ 1800/ 4000] elapsed 18418s eta 22523s  n=8192 hb run3
[ 1801/ 4000] elapsed 18497s eta 22597s  n=1    hs run3
[ 1802/ 4000] elapsed 18497s eta 22574s  n=2    hs run3
[ 1803/ 4000] elapsed 18497s eta 22551s  n=3    hs run3
[ 1804/ 4000] elapsed 18497s eta 22528s  n=4    hs run3
[ 1805/ 4000] elapsed 18497s eta 22506s  n=5    hs run3
[ 1806/ 4000] elapsed 18497s eta 22483s  n=6    hs run3
[ 1807/ 4000] elapsed 18497s eta 22460s  n=7    hs run3
[ 1808/ 4000] elapsed 18497s eta 22437s  n=8    hs run3
[ 1809/ 4000] elapsed 18497s eta 22415s  n=9    hs run3
[ 1810/ 4000] elapsed 18497s eta 22392s  n=10   hs run3
[ 1811/ 4000] elapsed 18497s eta 22370s  n=11   hs run3
[ 1812/ 4000] elapsed 18497s eta 22347s  n=12   hs run3
[ 1813/ 4000] elapsed 18497s eta 22325s  n=13   hs run3
[ 1814/ 4000] elapsed 18497s eta 22302s  n=14   hs run3
[ 1815/ 4000] elapsed 18498s eta 22281s  n=15   hs run3
[ 1816/ 4000] elapsed 18498s eta 22258s  n=16   hs run3
[ 1817/ 4000] elapsed 18498s eta 22236s  n=17   hs run3
[ 1818/ 4000] elapsed 18498s eta 22213s  n=18   hs run3
[ 1819/ 4000] elapsed 18498s eta 22191s  n=19   hs run3
[ 1820/ 4000] elapsed 18498s eta 22169s  n=20   hs run3
[ 1821/ 4000] elapsed 18498s eta 22146s  n=21   hs run3
[ 1822/ 4000] elapsed 18498s eta 22124s  n=22   hs run3
[ 1823/ 4000] elapsed 18498s eta 22102s  n=23   hs run3
[ 1824/ 4000] elapsed 18498s eta 22079s  n=24   hs run3
[ 1825/ 4000] elapsed 18499s eta 22058s  n=25   hs run3
[ 1826/ 4000] elapsed 18499s eta 22036s  n=26   hs run3
[ 1827/ 4000] elapsed 18499s eta 22014s  n=27   hs run3
[ 1828/ 4000] elapsed 18499s eta 21992s  n=28   hs run3
[ 1829/ 4000] elapsed 18499s eta 21970s  n=29   hs run3
[ 1830/ 4000] elapsed 18499s eta 21947s  n=30   hs run3
[ 1831/ 4000] elapsed 18500s eta 21927s  n=31   hs run3
[ 1832/ 4000] elapsed 18500s eta 21904s  n=32   hs run3
[ 1833/ 4000] elapsed 18500s eta 21882s  n=33   hs run3
[ 1834/ 4000] elapsed 18500s eta 21860s  n=34   hs run3
[ 1835/ 4000] elapsed 18500s eta 21838s  n=35   hs run3
[ 1836/ 4000] elapsed 18500s eta 21816s  n=37   hs run3
[ 1837/ 4000] elapsed 18501s eta 21796s  n=38   hs run3
[ 1838/ 4000] elapsed 18501s eta 21774s  n=39   hs run3
[ 1839/ 4000] elapsed 18501s eta 21752s  n=40   hs run3
[ 1840/ 4000] elapsed 18501s eta 21730s  n=42   hs run3
[ 1841/ 4000] elapsed 18501s eta 21708s  n=43   hs run3
[ 1842/ 4000] elapsed 18502s eta 21687s  n=45   hs run3
[ 1843/ 4000] elapsed 18502s eta 21666s  n=46   hs run3
[ 1844/ 4000] elapsed 18502s eta 21644s  n=48   hs run3
[ 1845/ 4000] elapsed 18502s eta 21622s  n=49   hs run3
[ 1846/ 4000] elapsed 18503s eta 21601s  n=51   hs run3
[ 1847/ 4000] elapsed 18503s eta 21580s  n=53   hs run3
[ 1848/ 4000] elapsed 18503s eta 21558s  n=54   hs run3
[ 1849/ 4000] elapsed 18504s eta 21537s  n=56   hs run3
[ 1850/ 4000] elapsed 18504s eta 21516s  n=58   hs run3
[ 1851/ 4000] elapsed 18504s eta 21494s  n=60   hs run3
[ 1852/ 4000] elapsed 18505s eta 21474s  n=62   hs run3
[ 1853/ 4000] elapsed 18505s eta 21452s  n=64   hs run3
[ 1854/ 4000] elapsed 18505s eta 21431s  n=66   hs run3
[ 1855/ 4000] elapsed 18506s eta 21410s  n=68   hs run3
[ 1856/ 4000] elapsed 18506s eta 21389s  n=71   hs run3
[ 1857/ 4000] elapsed 18506s eta 21367s  n=73   hs run3
[ 1858/ 4000] elapsed 18507s eta 21347s  n=75   hs run3
[ 1859/ 4000] elapsed 18507s eta 21325s  n=78   hs run3
[ 1860/ 4000] elapsed 18508s eta 21305s  n=81   hs run3
[ 1861/ 4000] elapsed 18508s eta 21284s  n=83   hs run3
[ 1862/ 4000] elapsed 18509s eta 21263s  n=86   hs run3
[ 1863/ 4000] elapsed 18509s eta 21242s  n=89   hs run3
[ 1864/ 4000] elapsed 18510s eta 21222s  n=92   hs run3
[ 1865/ 4000] elapsed 18510s eta 21201s  n=95   hs run3
[ 1866/ 4000] elapsed 18511s eta 21180s  n=98   hs run3
[ 1867/ 4000] elapsed 18511s eta 21159s  n=102  hs run3
[ 1868/ 4000] elapsed 18512s eta 21139s  n=105  hs run3
[ 1869/ 4000] elapsed 18513s eta 21119s  n=109  hs run3
[ 1870/ 4000] elapsed 18513s eta 21098s  n=112  hs run3
[ 1871/ 4000] elapsed 18514s eta 21078s  n=116  hs run3
[ 1872/ 4000] elapsed 18515s eta 21058s  n=120  hs run3
[ 1873/ 4000] elapsed 18515s eta 21037s  n=124  hs run3
[ 1874/ 4000] elapsed 18516s eta 21017s  n=128  hs run3
[ 1875/ 4000] elapsed 18517s eta 20997s  n=132  hs run3
[ 1876/ 4000] elapsed 18517s eta 20976s  n=137  hs run3
[ 1877/ 4000] elapsed 18518s eta 20956s  n=141  hs run3
[ 1878/ 4000] elapsed 18519s eta 20936s  n=146  hs run3
[ 1879/ 4000] elapsed 18520s eta 20916s  n=151  hs run3
[ 1880/ 4000] elapsed 18521s eta 20896s  n=156  hs run3
[ 1881/ 4000] elapsed 18522s eta 20876s  n=161  hs run3
[ 1882/ 4000] elapsed 18523s eta 20856s  n=167  hs run3
[ 1883/ 4000] elapsed 18524s eta 20837s  n=172  hs run3
[ 1884/ 4000] elapsed 18525s eta 20817s  n=178  hs run3
[ 1885/ 4000] elapsed 18526s eta 20797s  n=184  hs run3
[ 1886/ 4000] elapsed 18527s eta 20777s  n=190  hs run3
[ 1887/ 4000] elapsed 18528s eta 20758s  n=197  hs run3
[ 1888/ 4000] elapsed 18529s eta 20738s  n=203  hs run3
[ 1889/ 4000] elapsed 18531s eta 20719s  n=210  hs run3
[ 1890/ 4000] elapsed 18532s eta 20700s  n=217  hs run3
[ 1891/ 4000] elapsed 18533s eta 20680s  n=224  hs run3
[ 1892/ 4000] elapsed 18535s eta 20661s  n=232  hs run3
[ 1893/ 4000] elapsed 18536s eta 20642s  n=240  hs run3
[ 1894/ 4000] elapsed 18538s eta 20623s  n=248  hs run3
[ 1895/ 4000] elapsed 18539s eta 20604s  n=256  hs run3
[ 1896/ 4000] elapsed 18541s eta 20585s  n=265  hs run3
[ 1897/ 4000] elapsed 18542s eta 20566s  n=273  hs run3
[ 1898/ 4000] elapsed 18544s eta 20547s  n=283  hs run3
[ 1899/ 4000] elapsed 18546s eta 20529s  n=292  hs run3
[ 1900/ 4000] elapsed 18548s eta 20511s  n=302  hs run3
[ 1901/ 4000] elapsed 18550s eta 20492s  n=312  hs run3
[ 1902/ 4000] elapsed 18552s eta 20474s  n=323  hs run3
[ 1903/ 4000] elapsed 18554s eta 20456s  n=333  hs run3
[ 1904/ 4000] elapsed 18556s eta 20437s  n=345  hs run3
[ 1905/ 4000] elapsed 18558s eta 20419s  n=356  hs run3
[ 1906/ 4000] elapsed 18560s eta 20401s  n=368  hs run3
[ 1907/ 4000] elapsed 18562s eta 20383s  n=380  hs run3
[ 1908/ 4000] elapsed 18565s eta 20366s  n=393  hs run3
[ 1909/ 4000] elapsed 18567s eta 20347s  n=406  hs run3
[ 1910/ 4000] elapsed 18570s eta 20330s  n=420  hs run3
[ 1911/ 4000] elapsed 18572s eta 20312s  n=434  hs run3
[ 1912/ 4000] elapsed 18575s eta 20295s  n=449  hs run3
[ 1913/ 4000] elapsed 18578s eta 20278s  n=464  hs run3
[ 1914/ 4000] elapsed 18581s eta 20261s  n=479  hs run3
[ 1915/ 4000] elapsed 18584s eta 20244s  n=495  hs run3
[ 1916/ 4000] elapsed 18587s eta 20227s  n=512  hs run3
[ 1917/ 4000] elapsed 18591s eta 20211s  n=529  hs run3
[ 1918/ 4000] elapsed 18594s eta 20194s  n=547  hs run3
[ 1919/ 4000] elapsed 18598s eta 20178s  n=565  hs run3
[ 1920/ 4000] elapsed 18602s eta 20162s  n=584  hs run3
[ 1921/ 4000] elapsed 18606s eta 20146s  n=604  hs run3
[ 1922/ 4000] elapsed 18610s eta 20130s  n=624  hs run3
[ 1923/ 4000] elapsed 18614s eta 20115s  n=645  hs run3
[ 1924/ 4000] elapsed 18618s eta 20099s  n=667  hs run3
[ 1925/ 4000] elapsed 18623s eta 20084s  n=689  hs run3
[ 1926/ 4000] elapsed 18628s eta 20069s  n=712  hs run3
[ 1927/ 4000] elapsed 18633s eta 20055s  n=736  hs run3
[ 1928/ 4000] elapsed 18638s eta 20040s  n=761  hs run3
[ 1929/ 4000] elapsed 18643s eta 20025s  n=786  hs run3
[ 1930/ 4000] elapsed 18648s eta 20011s  n=813  hs run3
[ 1931/ 4000] elapsed 18654s eta 19997s  n=840  hs run3
[ 1932/ 4000] elapsed 18660s eta 19983s  n=868  hs run3
[ 1933/ 4000] elapsed 18666s eta 19970s  n=897  hs run3
[ 1934/ 4000] elapsed 18672s eta 19956s  n=927  hs run3
[ 1935/ 4000] elapsed 18679s eta 19944s  n=959  hs run3
[ 1936/ 4000] elapsed 18685s eta 19930s  n=991  hs run3
[ 1937/ 4000] elapsed 18692s eta 19918s  n=1024 hs run3
[ 1938/ 4000] elapsed 18699s eta 19905s  n=1058 hs run3
[ 1939/ 4000] elapsed 18707s eta 19894s  n=1094 hs run3
[ 1940/ 4000] elapsed 18714s eta 19881s  n=1131 hs run3
[ 1941/ 4000] elapsed 18722s eta 19870s  n=1169 hs run3
[ 1942/ 4000] elapsed 18731s eta 19860s  n=1208 hs run3
[ 1943/ 4000] elapsed 18739s eta 19848s  n=1248 hs run3
[ 1944/ 4000] elapsed 18748s eta 19838s  n=1290 hs run3
[ 1945/ 4000] elapsed 18757s eta 19828s  n=1333 hs run3
[ 1946/ 4000] elapsed 18767s eta 19818s  n=1378 hs run3
[ 1947/ 4000] elapsed 18776s eta 19808s  n=1424 hs run3
[ 1948/ 4000] elapsed 18787s eta 19800s  n=1472 hs run3
[ 1949/ 4000] elapsed 18798s eta 19791s  n=1522 hs run3
[ 1950/ 4000] elapsed 18809s eta 19783s  n=1573 hs run3
[ 1951/ 4000] elapsed 18820s eta 19775s  n=1625 hs run3
[ 1952/ 4000] elapsed 18831s eta 19767s  n=1680 hs run3
[ 1953/ 4000] elapsed 18843s eta 19760s  n=1736 hs run3
[ 1954/ 4000] elapsed 18856s eta 19753s  n=1795 hs run3
[ 1955/ 4000] elapsed 18869s eta 19747s  n=1855 hs run3
[ 1956/ 4000] elapsed 18883s eta 19742s  n=1917 hs run3
[ 1957/ 4000] elapsed 18896s eta 19736s  n=1982 hs run3
[ 1958/ 4000] elapsed 18911s eta 19732s  n=2048 hs run3
[ 1959/ 4000] elapsed 18926s eta 19728s  n=2117 hs run3
[ 1960/ 4000] elapsed 18941s eta 19724s  n=2188 hs run3
[ 1961/ 4000] elapsed 18957s eta 19721s  n=2261 hs run3
[ 1962/ 4000] elapsed 18974s eta 19719s  n=2337 hs run3
[ 1963/ 4000] elapsed 18991s eta 19716s  n=2415 hs run3
[ 1964/ 4000] elapsed 19008s eta 19714s  n=2497 hs run3
[ 1965/ 4000] elapsed 19027s eta 19714s  n=2580 hs run3
[ 1966/ 4000] elapsed 19046s eta 19714s  n=2667 hs run3
[ 1967/ 4000] elapsed 19066s eta 19715s  n=2756 hs run3
[ 1968/ 4000] elapsed 19086s eta 19716s  n=2849 hs run3
[ 1969/ 4000] elapsed 19108s eta 19719s  n=2945 hs run3
[ 1970/ 4000] elapsed 19129s eta 19721s  n=3043 hs run3
[ 1971/ 4000] elapsed 19152s eta 19725s  n=3145 hs run3
[ 1972/ 4000] elapsed 19176s eta 19730s  n=3251 hs run3
[ 1973/ 4000] elapsed 19200s eta 19735s  n=3360 hs run3
[ 1974/ 4000] elapsed 19225s eta 19741s  n=3473 hs run3
[ 1975/ 4000] elapsed 19251s eta 19748s  n=3589 hs run3
[ 1976/ 4000] elapsed 19279s eta 19757s  n=3710 hs run3
[ 1977/ 4000] elapsed 19307s eta 19766s  n=3834 hs run3
[ 1978/ 4000] elapsed 19337s eta 19777s  n=3963 hs run3
[ 1979/ 4000] elapsed 19367s eta 19788s  n=4096 hs run3
[ 1980/ 4000] elapsed 19399s eta 19800s  n=4233 hs run3
[ 1981/ 4000] elapsed 19434s eta 19816s  n=4376 hs run3
[ 1982/ 4000] elapsed 19470s eta 19833s  n=4522 hs run3
[ 1983/ 4000] elapsed 19506s eta 19850s  n=4674 hs run3
[ 1984/ 4000] elapsed 19545s eta 19870s  n=4831 hs run3
[ 1985/ 4000] elapsed 19584s eta 19890s  n=4993 hs run3
[ 1986/ 4000] elapsed 19626s eta 19912s  n=5161 hs run3
[ 1987/ 4000] elapsed 19670s eta 19937s  n=5334 hs run3
[ 1988/ 4000] elapsed 19715s eta 19963s  n=5513 hs run3
[ 1989/ 4000] elapsed 19763s eta 19991s  n=5698 hs run3
[ 1990/ 4000] elapsed 19813s eta 20022s  n=5889 hs run3
[ 1991/ 4000] elapsed 19865s eta 20054s  n=6087 hs run3
[ 1992/ 4000] elapsed 19919s eta 20089s  n=6291 hs run3
[ 1993/ 4000] elapsed 19975s eta 20125s  n=6502 hs run3
[ 1994/ 4000] elapsed 20033s eta 20163s  n=6720 hs run3
[ 1995/ 4000] elapsed 20095s eta 20205s  n=6946 hs run3
[ 1996/ 4000] elapsed 20158s eta 20248s  n=7179 hs run3
[ 1997/ 4000] elapsed 20224s eta 20294s  n=7420 hs run3
[ 1998/ 4000] elapsed 20294s eta 20344s  n=7669 hs run3
[ 1999/ 4000] elapsed 20366s eta 20396s  n=7926 hs run3
[ 2000/ 4000] elapsed 20441s eta 20451s  n=8192 hs run3
[ 2001/ 4000] elapsed 20519s eta 20508s  n=1    cb run3
[ 2002/ 4000] elapsed 20520s eta 20489s  n=2    cb run3
[ 2003/ 4000] elapsed 20520s eta 20468s  n=3    cb run3
[ 2004/ 4000] elapsed 20520s eta 20448s  n=4    cb run3
[ 2005/ 4000] elapsed 20520s eta 20427s  n=5    cb run3
[ 2006/ 4000] elapsed 20520s eta 20407s  n=6    cb run3
[ 2007/ 4000] elapsed 20520s eta 20387s  n=7    cb run3
[ 2008/ 4000] elapsed 20520s eta 20366s  n=8    cb run3
[ 2009/ 4000] elapsed 20520s eta 20346s  n=9    cb run3
[ 2010/ 4000] elapsed 20520s eta 20325s  n=10   cb run3
[ 2011/ 4000] elapsed 20520s eta 20305s  n=11   cb run3
[ 2012/ 4000] elapsed 20520s eta 20285s  n=12   cb run3
[ 2013/ 4000] elapsed 20520s eta 20265s  n=13   cb run3
[ 2014/ 4000] elapsed 20520s eta 20244s  n=14   cb run3
[ 2015/ 4000] elapsed 20520s eta 20224s  n=15   cb run3
[ 2016/ 4000] elapsed 20520s eta 20204s  n=16   cb run3
[ 2017/ 4000] elapsed 20521s eta 20185s  n=17   cb run3
[ 2018/ 4000] elapsed 20521s eta 20164s  n=18   cb run3
[ 2019/ 4000] elapsed 20521s eta 20144s  n=19   cb run3
[ 2020/ 4000] elapsed 20521s eta 20124s  n=20   cb run3
[ 2021/ 4000] elapsed 20521s eta 20104s  n=21   cb run3
[ 2022/ 4000] elapsed 20521s eta 20084s  n=22   cb run3
[ 2023/ 4000] elapsed 20521s eta 20064s  n=23   cb run3
[ 2024/ 4000] elapsed 20521s eta 20044s  n=24   cb run3
[ 2025/ 4000] elapsed 20522s eta 20025s  n=25   cb run3
[ 2026/ 4000] elapsed 20522s eta 20005s  n=26   cb run3
[ 2027/ 4000] elapsed 20522s eta 19985s  n=27   cb run3
[ 2028/ 4000] elapsed 20522s eta 19965s  n=28   cb run3
[ 2029/ 4000] elapsed 20522s eta 19945s  n=29   cb run3
[ 2030/ 4000] elapsed 20522s eta 19925s  n=30   cb run3
[ 2031/ 4000] elapsed 20523s eta 19906s  n=31   cb run3
[ 2032/ 4000] elapsed 20523s eta 19886s  n=32   cb run3
[ 2033/ 4000] elapsed 20523s eta 19866s  n=33   cb run3
[ 2034/ 4000] elapsed 20523s eta 19846s  n=34   cb run3
[ 2035/ 4000] elapsed 20523s eta 19826s  n=35   cb run3
[ 2036/ 4000] elapsed 20524s eta 19807s  n=37   cb run3
[ 2037/ 4000] elapsed 20524s eta 19788s  n=38   cb run3
[ 2038/ 4000] elapsed 20524s eta 19768s  n=39   cb run3
[ 2039/ 4000] elapsed 20524s eta 19748s  n=40   cb run3
[ 2040/ 4000] elapsed 20525s eta 19729s  n=42   cb run3
[ 2041/ 4000] elapsed 20525s eta 19710s  n=43   cb run3
[ 2042/ 4000] elapsed 20525s eta 19690s  n=45   cb run3
[ 2043/ 4000] elapsed 20525s eta 19670s  n=46   cb run3
[ 2044/ 4000] elapsed 20526s eta 19651s  n=48   cb run3
[ 2045/ 4000] elapsed 20526s eta 19632s  n=49   cb run3
[ 2046/ 4000] elapsed 20526s eta 19612s  n=51   cb run3
[ 2047/ 4000] elapsed 20526s eta 19593s  n=53   cb run3
[ 2048/ 4000] elapsed 20527s eta 19574s  n=54   cb run3
[ 2049/ 4000] elapsed 20527s eta 19554s  n=56   cb run3
[ 2050/ 4000] elapsed 20527s eta 19535s  n=58   cb run3
[ 2051/ 4000] elapsed 20528s eta 19516s  n=60   cb run3
[ 2052/ 4000] elapsed 20528s eta 19497s  n=62   cb run3
[ 2053/ 4000] elapsed 20529s eta 19478s  n=64   cb run3
[ 2054/ 4000] elapsed 20529s eta 19459s  n=66   cb run3
[ 2055/ 4000] elapsed 20529s eta 19439s  n=68   cb run3
[ 2056/ 4000] elapsed 20530s eta 19421s  n=71   cb run3
[ 2057/ 4000] elapsed 20530s eta 19401s  n=73   cb run3
[ 2058/ 4000] elapsed 20531s eta 19383s  n=75   cb run3
[ 2059/ 4000] elapsed 20531s eta 19363s  n=78   cb run3
[ 2060/ 4000] elapsed 20532s eta 19345s  n=81   cb run3
[ 2061/ 4000] elapsed 20532s eta 19325s  n=83   cb run3
[ 2062/ 4000] elapsed 20532s eta 19306s  n=86   cb run3
[ 2063/ 4000] elapsed 20533s eta 19288s  n=89   cb run3
[ 2064/ 4000] elapsed 20534s eta 19269s  n=92   cb run3
[ 2065/ 4000] elapsed 20534s eta 19250s  n=95   cb run3
[ 2066/ 4000] elapsed 20535s eta 19232s  n=98   cb run3
[ 2067/ 4000] elapsed 20535s eta 19213s  n=102  cb run3
[ 2068/ 4000] elapsed 20536s eta 19194s  n=105  cb run3
[ 2069/ 4000] elapsed 20537s eta 19176s  n=109  cb run3
[ 2070/ 4000] elapsed 20537s eta 19157s  n=112  cb run3
[ 2071/ 4000] elapsed 20538s eta 19139s  n=116  cb run3
[ 2072/ 4000] elapsed 20539s eta 19120s  n=120  cb run3
[ 2073/ 4000] elapsed 20540s eta 19102s  n=124  cb run3
[ 2074/ 4000] elapsed 20540s eta 19083s  n=128  cb run3
[ 2075/ 4000] elapsed 20541s eta 19065s  n=132  cb run3
[ 2076/ 4000] elapsed 20542s eta 19047s  n=137  cb run3
[ 2077/ 4000] elapsed 20543s eta 19028s  n=141  cb run3
[ 2078/ 4000] elapsed 20544s eta 19010s  n=146  cb run3
[ 2079/ 4000] elapsed 20545s eta 18992s  n=151  cb run3
[ 2080/ 4000] elapsed 20546s eta 18974s  n=156  cb run3
[ 2081/ 4000] elapsed 20547s eta 18956s  n=161  cb run3
[ 2082/ 4000] elapsed 20548s eta 18938s  n=167  cb run3
[ 2083/ 4000] elapsed 20549s eta 18920s  n=172  cb run3
[ 2084/ 4000] elapsed 20550s eta 18902s  n=178  cb run3
[ 2085/ 4000] elapsed 20551s eta 18884s  n=184  cb run3
[ 2086/ 4000] elapsed 20552s eta 18866s  n=190  cb run3
[ 2087/ 4000] elapsed 20553s eta 18848s  n=197  cb run3
[ 2088/ 4000] elapsed 20554s eta 18830s  n=203  cb run3
[ 2089/ 4000] elapsed 20556s eta 18813s  n=210  cb run3
[ 2090/ 4000] elapsed 20557s eta 18795s  n=217  cb run3
[ 2091/ 4000] elapsed 20558s eta 18777s  n=224  cb run3
[ 2092/ 4000] elapsed 20560s eta 18760s  n=232  cb run3
[ 2093/ 4000] elapsed 20561s eta 18742s  n=240  cb run3
[ 2094/ 4000] elapsed 20563s eta 18725s  n=248  cb run3
[ 2095/ 4000] elapsed 20564s eta 18707s  n=256  cb run3
[ 2096/ 4000] elapsed 20566s eta 18691s  n=265  cb run3
[ 2097/ 4000] elapsed 20568s eta 18674s  n=273  cb run3
[ 2098/ 4000] elapsed 20569s eta 18656s  n=283  cb run3
[ 2099/ 4000] elapsed 20571s eta 18639s  n=292  cb run3
[ 2100/ 4000] elapsed 20573s eta 18622s  n=302  cb run3
[ 2101/ 4000] elapsed 20575s eta 18605s  n=312  cb run3
[ 2102/ 4000] elapsed 20577s eta 18588s  n=323  cb run3
[ 2103/ 4000] elapsed 20579s eta 18572s  n=333  cb run3
[ 2104/ 4000] elapsed 20581s eta 18555s  n=345  cb run3
[ 2105/ 4000] elapsed 20583s eta 18538s  n=356  cb run3
[ 2106/ 4000] elapsed 20585s eta 18521s  n=368  cb run3
[ 2107/ 4000] elapsed 20588s eta 18505s  n=380  cb run3
[ 2108/ 4000] elapsed 20590s eta 18488s  n=393  cb run3
[ 2109/ 4000] elapsed 20592s eta 18472s  n=406  cb run3
[ 2110/ 4000] elapsed 20595s eta 18456s  n=420  cb run3
[ 2111/ 4000] elapsed 20598s eta 18440s  n=434  cb run3
[ 2112/ 4000] elapsed 20601s eta 18424s  n=449  cb run3
[ 2113/ 4000] elapsed 20603s eta 18408s  n=464  cb run3
[ 2114/ 4000] elapsed 20606s eta 18392s  n=479  cb run3
[ 2115/ 4000] elapsed 20609s eta 18376s  n=495  cb run3
[ 2116/ 4000] elapsed 20613s eta 18361s  n=512  cb run3
[ 2117/ 4000] elapsed 20616s eta 18345s  n=529  cb run3
[ 2118/ 4000] elapsed 20620s eta 18331s  n=547  cb run3
[ 2119/ 4000] elapsed 20623s eta 18315s  n=565  cb run3
[ 2120/ 4000] elapsed 20627s eta 18300s  n=584  cb run3
[ 2121/ 4000] elapsed 20631s eta 18285s  n=604  cb run3
[ 2122/ 4000] elapsed 20635s eta 18270s  n=624  cb run3
[ 2123/ 4000] elapsed 20639s eta 18256s  n=645  cb run3
[ 2124/ 4000] elapsed 20644s eta 18242s  n=667  cb run3
[ 2125/ 4000] elapsed 20649s eta 18228s  n=689  cb run3
[ 2126/ 4000] elapsed 20653s eta 18213s  n=712  cb run3
[ 2127/ 4000] elapsed 20658s eta 18199s  n=736  cb run3
[ 2128/ 4000] elapsed 20663s eta 18185s  n=761  cb run3
[ 2129/ 4000] elapsed 20669s eta 18172s  n=786  cb run3
[ 2130/ 4000] elapsed 20674s eta 18158s  n=813  cb run3
[ 2131/ 4000] elapsed 20680s eta 18145s  n=840  cb run3
[ 2132/ 4000] elapsed 20686s eta 18133s  n=868  cb run3
[ 2133/ 4000] elapsed 20692s eta 18120s  n=897  cb run3
[ 2134/ 4000] elapsed 20698s eta 18107s  n=927  cb run3
[ 2135/ 4000] elapsed 20705s eta 18095s  n=959  cb run3
[ 2136/ 4000] elapsed 20712s eta 18082s  n=991  cb run3
[ 2137/ 4000] elapsed 20718s eta 18070s  n=1024 cb run3
[ 2138/ 4000] elapsed 20726s eta 18058s  n=1058 cb run3
[ 2139/ 4000] elapsed 20733s eta 18046s  n=1094 cb run3
[ 2140/ 4000] elapsed 20741s eta 18035s  n=1131 cb run3
[ 2141/ 4000] elapsed 20749s eta 18024s  n=1169 cb run3
[ 2142/ 4000] elapsed 20757s eta 18013s  n=1208 cb run3
[ 2143/ 4000] elapsed 20766s eta 18003s  n=1248 cb run3
[ 2144/ 4000] elapsed 20774s eta 17991s  n=1290 cb run3
[ 2145/ 4000] elapsed 20784s eta 17982s  n=1333 cb run3
[ 2146/ 4000] elapsed 20793s eta 17972s  n=1378 cb run3
[ 2147/ 4000] elapsed 20803s eta 17962s  n=1424 cb run3
[ 2148/ 4000] elapsed 20813s eta 17953s  n=1472 cb run3
[ 2149/ 4000] elapsed 20824s eta 17944s  n=1522 cb run3
[ 2150/ 4000] elapsed 20835s eta 17936s  n=1573 cb run3
[ 2151/ 4000] elapsed 20846s eta 17927s  n=1625 cb run3
[ 2152/ 4000] elapsed 20857s eta 17918s  n=1680 cb run3
[ 2153/ 4000] elapsed 20869s eta 17911s  n=1736 cb run3
[ 2154/ 4000] elapsed 20882s eta 17904s  n=1795 cb run3
[ 2155/ 4000] elapsed 20895s eta 17897s  n=1855 cb run3
[ 2156/ 4000] elapsed 20908s eta 17890s  n=1917 cb run3
[ 2157/ 4000] elapsed 20922s eta 17884s  n=1982 cb run3
[ 2158/ 4000] elapsed 20936s eta 17878s  n=2048 cb run3
[ 2159/ 4000] elapsed 20951s eta 17873s  n=2117 cb run3
[ 2160/ 4000] elapsed 20967s eta 17869s  n=2188 cb run3
[ 2161/ 4000] elapsed 20982s eta 17863s  n=2261 cb run3
[ 2162/ 4000] elapsed 20999s eta 17860s  n=2337 cb run3
[ 2163/ 4000] elapsed 21017s eta 17857s  n=2415 cb run3
[ 2164/ 4000] elapsed 21034s eta 17854s  n=2497 cb run3
[ 2165/ 4000] elapsed 21053s eta 17852s  n=2580 cb run3
[ 2166/ 4000] elapsed 21072s eta 17850s  n=2667 cb run3
[ 2167/ 4000] elapsed 21091s eta 17848s  n=2756 cb run3
[ 2168/ 4000] elapsed 21112s eta 17848s  n=2849 cb run3
[ 2169/ 4000] elapsed 21133s eta 17848s  n=2945 cb run3
[ 2170/ 4000] elapsed 21155s eta 17848s  n=3043 cb run3
[ 2171/ 4000] elapsed 21179s eta 17850s  n=3145 cb run3
[ 2172/ 4000] elapsed 21203s eta 17853s  n=3251 cb run3
[ 2173/ 4000] elapsed 21228s eta 17856s  n=3360 cb run3
[ 2174/ 4000] elapsed 21253s eta 17859s  n=3473 cb run3
[ 2175/ 4000] elapsed 21279s eta 17863s  n=3589 cb run3
[ 2176/ 4000] elapsed 21307s eta 17868s  n=3710 cb run3
[ 2177/ 4000] elapsed 21336s eta 17874s  n=3834 cb run3
[ 2178/ 4000] elapsed 21365s eta 17881s  n=3963 cb run3
[ 2179/ 4000] elapsed 21396s eta 17888s  n=4096 cb run3
[ 2180/ 4000] elapsed 21428s eta 17897s  n=4233 cb run3
[ 2181/ 4000] elapsed 21462s eta 17907s  n=4376 cb run3
[ 2182/ 4000] elapsed 21497s eta 17919s  n=4522 cb run3
[ 2183/ 4000] elapsed 21534s eta 17931s  n=4674 cb run3
[ 2184/ 4000] elapsed 21572s eta 17945s  n=4831 cb run3
[ 2185/ 4000] elapsed 21613s eta 17961s  n=4993 cb run3
[ 2186/ 4000] elapsed 21655s eta 17978s  n=5161 cb run3
[ 2187/ 4000] elapsed 21700s eta 17997s  n=5334 cb run3
[ 2188/ 4000] elapsed 21746s eta 18017s  n=5513 cb run3
[ 2189/ 4000] elapsed 21794s eta 18038s  n=5698 cb run3
[ 2190/ 4000] elapsed 21845s eta 18062s  n=5889 cb run3
[ 2191/ 4000] elapsed 21897s eta 18087s  n=6087 cb run3
[ 2192/ 4000] elapsed 21953s eta 18115s  n=6291 cb run3
[ 2193/ 4000] elapsed 22010s eta 18144s  n=6502 cb run3
[ 2194/ 4000] elapsed 22069s eta 18174s  n=6720 cb run3
[ 2195/ 4000] elapsed 22131s eta 18207s  n=6946 cb run3
[ 2196/ 4000] elapsed 22196s eta 18242s  n=7179 cb run3
[ 2197/ 4000] elapsed 22263s eta 18278s  n=7420 cb run3
[ 2198/ 4000] elapsed 22334s eta 18318s  n=7669 cb run3
[ 2199/ 4000] elapsed 22407s eta 18359s  n=7926 cb run3
[ 2200/ 4000] elapsed 22483s eta 18403s  n=8192 cb run3
[ 2201/ 4000] elapsed 22563s eta 18450s  n=1    cs run3
[ 2202/ 4000] elapsed 22563s eta 18431s  n=2    cs run3
[ 2203/ 4000] elapsed 22563s eta 18413s  n=3    cs run3
[ 2204/ 4000] elapsed 22563s eta 18394s  n=4    cs run3
[ 2205/ 4000] elapsed 22563s eta 18375s  n=5    cs run3
[ 2206/ 4000] elapsed 22563s eta 18357s  n=6    cs run3
[ 2207/ 4000] elapsed 22563s eta 18338s  n=7    cs run3
[ 2208/ 4000] elapsed 22563s eta 18320s  n=8    cs run3
[ 2209/ 4000] elapsed 22563s eta 18301s  n=9    cs run3
[ 2210/ 4000] elapsed 22563s eta 18283s  n=10   cs run3
[ 2211/ 4000] elapsed 22564s eta 18265s  n=11   cs run3
[ 2212/ 4000] elapsed 22564s eta 18247s  n=12   cs run3
[ 2213/ 4000] elapsed 22564s eta 18228s  n=13   cs run3
[ 2214/ 4000] elapsed 22564s eta 18210s  n=14   cs run3
[ 2215/ 4000] elapsed 22564s eta 18191s  n=15   cs run3
[ 2216/ 4000] elapsed 22564s eta 18173s  n=16   cs run3
[ 2217/ 4000] elapsed 22564s eta 18155s  n=17   cs run3
[ 2218/ 4000] elapsed 22564s eta 18136s  n=18   cs run3
[ 2219/ 4000] elapsed 22564s eta 18118s  n=19   cs run3
[ 2220/ 4000] elapsed 22564s eta 18100s  n=20   cs run3
[ 2221/ 4000] elapsed 22565s eta 18082s  n=21   cs run3
[ 2222/ 4000] elapsed 22565s eta 18064s  n=22   cs run3
[ 2223/ 4000] elapsed 22565s eta 18045s  n=23   cs run3
[ 2224/ 4000] elapsed 22565s eta 18027s  n=24   cs run3
[ 2225/ 4000] elapsed 22565s eta 18009s  n=25   cs run3
[ 2226/ 4000] elapsed 22565s eta 17991s  n=26   cs run3
[ 2227/ 4000] elapsed 22565s eta 17972s  n=27   cs run3
[ 2228/ 4000] elapsed 22566s eta 17955s  n=28   cs run3
[ 2229/ 4000] elapsed 22566s eta 17937s  n=29   cs run3
[ 2230/ 4000] elapsed 22566s eta 17919s  n=30   cs run3
[ 2231/ 4000] elapsed 22566s eta 17901s  n=31   cs run3
[ 2232/ 4000] elapsed 22566s eta 17882s  n=32   cs run3
[ 2233/ 4000] elapsed 22566s eta 17864s  n=33   cs run3
[ 2234/ 4000] elapsed 22567s eta 17847s  n=34   cs run3
[ 2235/ 4000] elapsed 22567s eta 17829s  n=35   cs run3
[ 2236/ 4000] elapsed 22567s eta 17811s  n=37   cs run3
[ 2237/ 4000] elapsed 22567s eta 17793s  n=38   cs run3
[ 2238/ 4000] elapsed 22568s eta 17775s  n=39   cs run3
[ 2239/ 4000] elapsed 22568s eta 17757s  n=40   cs run3
[ 2240/ 4000] elapsed 22568s eta 17739s  n=42   cs run3
[ 2241/ 4000] elapsed 22568s eta 17721s  n=43   cs run3
[ 2242/ 4000] elapsed 22569s eta 17704s  n=45   cs run3
[ 2243/ 4000] elapsed 22569s eta 17686s  n=46   cs run3
[ 2244/ 4000] elapsed 22569s eta 17668s  n=48   cs run3
[ 2245/ 4000] elapsed 22569s eta 17650s  n=49   cs run3
[ 2246/ 4000] elapsed 22570s eta 17633s  n=51   cs run3
[ 2247/ 4000] elapsed 22570s eta 17615s  n=53   cs run3
[ 2248/ 4000] elapsed 22570s eta 17597s  n=54   cs run3
[ 2249/ 4000] elapsed 22571s eta 17580s  n=56   cs run3
[ 2250/ 4000] elapsed 22571s eta 17563s  n=58   cs run3
[ 2251/ 4000] elapsed 22571s eta 17545s  n=60   cs run3
[ 2252/ 4000] elapsed 22572s eta 17528s  n=62   cs run3
[ 2253/ 4000] elapsed 22572s eta 17510s  n=64   cs run3
[ 2254/ 4000] elapsed 22572s eta 17492s  n=66   cs run3
[ 2255/ 4000] elapsed 22573s eta 17475s  n=68   cs run3
[ 2256/ 4000] elapsed 22573s eta 17457s  n=71   cs run3
[ 2257/ 4000] elapsed 22574s eta 17440s  n=73   cs run3
[ 2258/ 4000] elapsed 22574s eta 17423s  n=75   cs run3
[ 2259/ 4000] elapsed 22574s eta 17405s  n=78   cs run3
[ 2260/ 4000] elapsed 22575s eta 17388s  n=81   cs run3
[ 2261/ 4000] elapsed 22575s eta 17370s  n=83   cs run3
[ 2262/ 4000] elapsed 22576s eta 17353s  n=86   cs run3
[ 2263/ 4000] elapsed 22576s eta 17336s  n=89   cs run3
[ 2264/ 4000] elapsed 22577s eta 17319s  n=92   cs run3
[ 2265/ 4000] elapsed 22578s eta 17302s  n=95   cs run3
[ 2266/ 4000] elapsed 22578s eta 17284s  n=98   cs run3
[ 2267/ 4000] elapsed 22579s eta 17268s  n=102  cs run3
[ 2268/ 4000] elapsed 22579s eta 17250s  n=105  cs run3
[ 2269/ 4000] elapsed 22580s eta 17233s  n=109  cs run3
[ 2270/ 4000] elapsed 22581s eta 17216s  n=112  cs run3
[ 2271/ 4000] elapsed 22581s eta 17199s  n=116  cs run3
[ 2272/ 4000] elapsed 22582s eta 17182s  n=120  cs run3
[ 2273/ 4000] elapsed 22583s eta 17165s  n=124  cs run3
[ 2274/ 4000] elapsed 22583s eta 17148s  n=128  cs run3
[ 2275/ 4000] elapsed 22584s eta 17131s  n=132  cs run3
[ 2276/ 4000] elapsed 22585s eta 17114s  n=137  cs run3
[ 2277/ 4000] elapsed 22586s eta 17098s  n=141  cs run3
[ 2278/ 4000] elapsed 22587s eta 17081s  n=146  cs run3
[ 2279/ 4000] elapsed 22588s eta 17064s  n=151  cs run3
[ 2280/ 4000] elapsed 22589s eta 17048s  n=156  cs run3
[ 2281/ 4000] elapsed 22590s eta 17031s  n=161  cs run3
[ 2282/ 4000] elapsed 22591s eta 17015s  n=167  cs run3
[ 2283/ 4000] elapsed 22592s eta 16998s  n=172  cs run3
[ 2284/ 4000] elapsed 22593s eta 16981s  n=178  cs run3
[ 2285/ 4000] elapsed 22594s eta 16965s  n=184  cs run3
[ 2286/ 4000] elapsed 22595s eta 16948s  n=190  cs run3
[ 2287/ 4000] elapsed 22596s eta 16932s  n=197  cs run3
[ 2288/ 4000] elapsed 22597s eta 16915s  n=203  cs run3
[ 2289/ 4000] elapsed 22599s eta 16899s  n=210  cs run3
[ 2290/ 4000] elapsed 22600s eta 16883s  n=217  cs run3
[ 2291/ 4000] elapsed 22601s eta 16866s  n=224  cs run3
[ 2292/ 4000] elapsed 22603s eta 16851s  n=232  cs run3
[ 2293/ 4000] elapsed 22604s eta 16834s  n=240  cs run3
[ 2294/ 4000] elapsed 22606s eta 16818s  n=248  cs run3
[ 2295/ 4000] elapsed 22607s eta 16802s  n=256  cs run3
[ 2296/ 4000] elapsed 22609s eta 16786s  n=265  cs run3
[ 2297/ 4000] elapsed 22611s eta 16771s  n=273  cs run3
[ 2298/ 4000] elapsed 22612s eta 16754s  n=283  cs run3
[ 2299/ 4000] elapsed 22614s eta 16739s  n=292  cs run3
[ 2300/ 4000] elapsed 22616s eta 16723s  n=302  cs run3
[ 2301/ 4000] elapsed 22618s eta 16707s  n=312  cs run3
[ 2302/ 4000] elapsed 22620s eta 16692s  n=323  cs run3
[ 2303/ 4000] elapsed 22622s eta 16676s  n=333  cs run3
[ 2304/ 4000] elapsed 22624s eta 16661s  n=345  cs run3
[ 2305/ 4000] elapsed 22626s eta 16645s  n=356  cs run3
[ 2306/ 4000] elapsed 22629s eta 16630s  n=368  cs run3
[ 2307/ 4000] elapsed 22631s eta 16615s  n=380  cs run3
[ 2308/ 4000] elapsed 22634s eta 16600s  n=393  cs run3
[ 2309/ 4000] elapsed 22636s eta 16584s  n=406  cs run3
[ 2310/ 4000] elapsed 22639s eta 16569s  n=420  cs run3
[ 2311/ 4000] elapsed 22642s eta 16555s  n=434  cs run3
[ 2312/ 4000] elapsed 22644s eta 16539s  n=449  cs run3
[ 2313/ 4000] elapsed 22647s eta 16524s  n=464  cs run3
[ 2314/ 4000] elapsed 22650s eta 16510s  n=479  cs run3
[ 2315/ 4000] elapsed 22653s eta 16495s  n=495  cs run3
[ 2316/ 4000] elapsed 22657s eta 16481s  n=512  cs run3
[ 2317/ 4000] elapsed 22660s eta 16466s  n=529  cs run3
[ 2318/ 4000] elapsed 22663s eta 16451s  n=547  cs run3
[ 2319/ 4000] elapsed 22667s eta 16437s  n=565  cs run3
[ 2320/ 4000] elapsed 22671s eta 16424s  n=584  cs run3
[ 2321/ 4000] elapsed 22675s eta 16410s  n=604  cs run3
[ 2322/ 4000] elapsed 22679s eta 16396s  n=624  cs run3
[ 2323/ 4000] elapsed 22683s eta 16382s  n=645  cs run3
[ 2324/ 4000] elapsed 22688s eta 16368s  n=667  cs run3
[ 2325/ 4000] elapsed 22692s eta 16355s  n=689  cs run3
[ 2326/ 4000] elapsed 22697s eta 16341s  n=712  cs run3
[ 2327/ 4000] elapsed 22702s eta 16328s  n=736  cs run3
[ 2328/ 4000] elapsed 22707s eta 16315s  n=761  cs run3
[ 2329/ 4000] elapsed 22713s eta 16303s  n=786  cs run3
[ 2330/ 4000] elapsed 22718s eta 16289s  n=813  cs run3
[ 2331/ 4000] elapsed 22724s eta 16277s  n=840  cs run3
[ 2332/ 4000] elapsed 22730s eta 16264s  n=868  cs run3
[ 2333/ 4000] elapsed 22736s eta 16252s  n=897  cs run3
[ 2334/ 4000] elapsed 22742s eta 16240s  n=927  cs run3
[ 2335/ 4000] elapsed 22748s eta 16227s  n=959  cs run3
[ 2336/ 4000] elapsed 22755s eta 16215s  n=991  cs run3
[ 2337/ 4000] elapsed 22762s eta 16204s  n=1024 cs run3
[ 2338/ 4000] elapsed 22769s eta 16192s  n=1058 cs run3
[ 2339/ 4000] elapsed 22776s eta 16180s  n=1094 cs run3
[ 2340/ 4000] elapsed 22784s eta 16169s  n=1131 cs run3
[ 2341/ 4000] elapsed 22792s eta 16158s  n=1169 cs run3
[ 2342/ 4000] elapsed 22800s eta 16147s  n=1208 cs run3
[ 2343/ 4000] elapsed 22809s eta 16137s  n=1248 cs run3
[ 2344/ 4000] elapsed 22817s eta 16126s  n=1290 cs run3
[ 2345/ 4000] elapsed 22827s eta 16117s  n=1333 cs run3
[ 2346/ 4000] elapsed 22836s eta 16106s  n=1378 cs run3
[ 2347/ 4000] elapsed 22846s eta 16097s  n=1424 cs run3
[ 2348/ 4000] elapsed 22856s eta 16087s  n=1472 cs run3
[ 2349/ 4000] elapsed 22867s eta 16078s  n=1522 cs run3
[ 2350/ 4000] elapsed 22878s eta 16070s  n=1573 cs run3
[ 2351/ 4000] elapsed 22889s eta 16061s  n=1625 cs run3
[ 2352/ 4000] elapsed 22901s eta 16053s  n=1680 cs run3
[ 2353/ 4000] elapsed 22913s eta 16044s  n=1736 cs run3
[ 2354/ 4000] elapsed 22925s eta 16036s  n=1795 cs run3
[ 2355/ 4000] elapsed 22938s eta 16029s  n=1855 cs run3
[ 2356/ 4000] elapsed 22952s eta 16022s  n=1917 cs run3
[ 2357/ 4000] elapsed 22965s eta 16015s  n=1982 cs run3
[ 2358/ 4000] elapsed 22980s eta 16008s  n=2048 cs run3
[ 2359/ 4000] elapsed 22994s eta 16002s  n=2117 cs run3
[ 2360/ 4000] elapsed 23010s eta 15996s  n=2188 cs run3
[ 2361/ 4000] elapsed 23025s eta 15990s  n=2261 cs run3
[ 2362/ 4000] elapsed 23042s eta 15985s  n=2337 cs run3
[ 2363/ 4000] elapsed 23059s eta 15981s  n=2415 cs run3
[ 2364/ 4000] elapsed 23077s eta 15977s  n=2497 cs run3
[ 2365/ 4000] elapsed 23095s eta 15973s  n=2580 cs run3
[ 2366/ 4000] elapsed 23114s eta 15969s  n=2667 cs run3
[ 2367/ 4000] elapsed 23133s eta 15966s  n=2756 cs run3
[ 2368/ 4000] elapsed 23154s eta 15964s  n=2849 cs run3
[ 2369/ 4000] elapsed 23175s eta 15962s  n=2945 cs run3
[ 2370/ 4000] elapsed 23196s eta 15960s  n=3043 cs run3
[ 2371/ 4000] elapsed 23219s eta 15959s  n=3145 cs run3
[ 2372/ 4000] elapsed 23242s eta 15958s  n=3251 cs run3
[ 2373/ 4000] elapsed 23266s eta 15958s  n=3360 cs run3
[ 2374/ 4000] elapsed 23291s eta 15959s  n=3473 cs run3
[ 2375/ 4000] elapsed 23317s eta 15960s  n=3589 cs run3
[ 2376/ 4000] elapsed 23344s eta 15962s  n=3710 cs run3
[ 2377/ 4000] elapsed 23373s eta 15965s  n=3834 cs run3
[ 2378/ 4000] elapsed 23402s eta 15968s  n=3963 cs run3
[ 2379/ 4000] elapsed 23432s eta 15972s  n=4096 cs run3
[ 2380/ 4000] elapsed 23465s eta 15978s  n=4233 cs run3
[ 2381/ 4000] elapsed 23498s eta 15984s  n=4376 cs run3
[ 2382/ 4000] elapsed 23533s eta 15991s  n=4522 cs run3
[ 2383/ 4000] elapsed 23569s eta 15999s  n=4674 cs run3
[ 2384/ 4000] elapsed 23607s eta 16008s  n=4831 cs run3
[ 2385/ 4000] elapsed 23647s eta 16019s  n=4993 cs run3
[ 2386/ 4000] elapsed 23688s eta 16030s  n=5161 cs run3
[ 2387/ 4000] elapsed 23731s eta 16042s  n=5334 cs run3
[ 2388/ 4000] elapsed 23777s eta 16057s  n=5513 cs run3
[ 2389/ 4000] elapsed 23824s eta 16072s  n=5698 cs run3
[ 2390/ 4000] elapsed 23873s eta 16088s  n=5889 cs run3
[ 2391/ 4000] elapsed 23924s eta 16106s  n=6087 cs run3
[ 2392/ 4000] elapsed 23977s eta 16125s  n=6291 cs run3
[ 2393/ 4000] elapsed 24033s eta 16145s  n=6502 cs run3
[ 2394/ 4000] elapsed 24091s eta 16168s  n=6720 cs run3
[ 2395/ 4000] elapsed 24152s eta 16192s  n=6946 cs run3
[ 2396/ 4000] elapsed 24217s eta 16218s  n=7179 cs run3
[ 2397/ 4000] elapsed 24284s eta 16246s  n=7420 cs run3
[ 2398/ 4000] elapsed 24354s eta 16276s  n=7669 cs run3
[ 2399/ 4000] elapsed 24427s eta 16308s  n=7926 cs run3
[ 2400/ 4000] elapsed 24503s eta 16342s  n=8192 cs run3
[ 2401/ 4000] elapsed 24582s eta 16377s  n=1    hb run4
[ 2402/ 4000] elapsed 24582s eta 16360s  n=2    hb run4
[ 2403/ 4000] elapsed 24582s eta 16343s  n=3    hb run4
[ 2404/ 4000] elapsed 24582s eta 16326s  n=4    hb run4
[ 2405/ 4000] elapsed 24582s eta 16309s  n=5    hb run4
[ 2406/ 4000] elapsed 24582s eta 16292s  n=6    hb run4
[ 2407/ 4000] elapsed 24582s eta 16275s  n=7    hb run4
[ 2408/ 4000] elapsed 24582s eta 16258s  n=8    hb run4
[ 2409/ 4000] elapsed 24582s eta 16241s  n=9    hb run4
[ 2410/ 4000] elapsed 24582s eta 16224s  n=10   hb run4
[ 2411/ 4000] elapsed 24582s eta 16207s  n=11   hb run4
[ 2412/ 4000] elapsed 24582s eta 16190s  n=12   hb run4
[ 2413/ 4000] elapsed 24582s eta 16173s  n=13   hb run4
[ 2414/ 4000] elapsed 24582s eta 16157s  n=14   hb run4
[ 2415/ 4000] elapsed 24582s eta 16140s  n=15   hb run4
[ 2416/ 4000] elapsed 24582s eta 16123s  n=16   hb run4
[ 2417/ 4000] elapsed 24582s eta 16106s  n=17   hb run4
[ 2418/ 4000] elapsed 24583s eta 16090s  n=18   hb run4
[ 2419/ 4000] elapsed 24583s eta 16073s  n=19   hb run4
[ 2420/ 4000] elapsed 24583s eta 16056s  n=20   hb run4
[ 2421/ 4000] elapsed 24583s eta 16039s  n=21   hb run4
[ 2422/ 4000] elapsed 24583s eta 16023s  n=22   hb run4
[ 2423/ 4000] elapsed 24583s eta 16006s  n=23   hb run4
[ 2424/ 4000] elapsed 24583s eta 15989s  n=24   hb run4
[ 2425/ 4000] elapsed 24583s eta 15972s  n=25   hb run4
[ 2426/ 4000] elapsed 24583s eta 15956s  n=26   hb run4
[ 2427/ 4000] elapsed 24584s eta 15940s  n=27   hb run4
[ 2428/ 4000] elapsed 24584s eta 15923s  n=28   hb run4
[ 2429/ 4000] elapsed 24584s eta 15906s  n=29   hb run4
[ 2430/ 4000] elapsed 24584s eta 15890s  n=30   hb run4
[ 2431/ 4000] elapsed 24584s eta 15873s  n=31   hb run4
[ 2432/ 4000] elapsed 24584s eta 15856s  n=32   hb run4
[ 2433/ 4000] elapsed 24585s eta 15840s  n=33   hb run4
[ 2434/ 4000] elapsed 24585s eta 15824s  n=34   hb run4
[ 2435/ 4000] elapsed 24585s eta 15807s  n=35   hb run4
[ 2436/ 4000] elapsed 24585s eta 15790s  n=37   hb run4
[ 2437/ 4000] elapsed 24585s eta 15774s  n=38   hb run4
[ 2438/ 4000] elapsed 24586s eta 15758s  n=39   hb run4
[ 2439/ 4000] elapsed 24586s eta 15741s  n=40   hb run4
[ 2440/ 4000] elapsed 24586s eta 15725s  n=42   hb run4
[ 2441/ 4000] elapsed 24586s eta 15708s  n=43   hb run4
[ 2442/ 4000] elapsed 24586s eta 15692s  n=45   hb run4
[ 2443/ 4000] elapsed 24587s eta 15676s  n=46   hb run4
[ 2444/ 4000] elapsed 24587s eta 15659s  n=48   hb run4
[ 2445/ 4000] elapsed 24587s eta 15643s  n=49   hb run4
[ 2446/ 4000] elapsed 24588s eta 15627s  n=51   hb run4
[ 2447/ 4000] elapsed 24588s eta 15611s  n=53   hb run4
[ 2448/ 4000] elapsed 24588s eta 15594s  n=54   hb run4
[ 2449/ 4000] elapsed 24588s eta 15578s  n=56   hb run4
[ 2450/ 4000] elapsed 24589s eta 15562s  n=58   hb run4
[ 2451/ 4000] elapsed 24589s eta 15546s  n=60   hb run4
[ 2452/ 4000] elapsed 24589s eta 15529s  n=62   hb run4
[ 2453/ 4000] elapsed 24590s eta 15514s  n=64   hb run4
[ 2454/ 4000] elapsed 24590s eta 15497s  n=66   hb run4
[ 2455/ 4000] elapsed 24591s eta 15482s  n=68   hb run4
[ 2456/ 4000] elapsed 24591s eta 15465s  n=71   hb run4
[ 2457/ 4000] elapsed 24591s eta 15449s  n=73   hb run4
[ 2458/ 4000] elapsed 24592s eta 15433s  n=75   hb run4
[ 2459/ 4000] elapsed 24592s eta 15417s  n=78   hb run4
[ 2460/ 4000] elapsed 24593s eta 15401s  n=81   hb run4
[ 2461/ 4000] elapsed 24593s eta 15385s  n=83   hb run4
[ 2462/ 4000] elapsed 24594s eta 15370s  n=86   hb run4
[ 2463/ 4000] elapsed 24594s eta 15353s  n=89   hb run4
[ 2464/ 4000] elapsed 24595s eta 15338s  n=92   hb run4
[ 2465/ 4000] elapsed 24595s eta 15321s  n=95   hb run4
[ 2466/ 4000] elapsed 24596s eta 15306s  n=98   hb run4
[ 2467/ 4000] elapsed 24596s eta 15290s  n=102  hb run4
[ 2468/ 4000] elapsed 24597s eta 15274s  n=105  hb run4
[ 2469/ 4000] elapsed 24598s eta 15259s  n=109  hb run4
[ 2470/ 4000] elapsed 24598s eta 15242s  n=112  hb run4
[ 2471/ 4000] elapsed 24599s eta 15227s  n=116  hb run4
[ 2472/ 4000] elapsed 24600s eta 15211s  n=120  hb run4
[ 2473/ 4000] elapsed 24600s eta 15195s  n=124  hb run4
[ 2474/ 4000] elapsed 24601s eta 15180s  n=128  hb run4
[ 2475/ 4000] elapsed 24602s eta 15164s  n=132  hb run4
[ 2476/ 4000] elapsed 24603s eta 15149s  n=137  hb run4
[ 2477/ 4000] elapsed 24604s eta 15134s  n=141  hb run4
[ 2478/ 4000] elapsed 24604s eta 15118s  n=146  hb run4
[ 2479/ 4000] elapsed 24605s eta 15102s  n=151  hb run4
[ 2480/ 4000] elapsed 24606s eta 15087s  n=156  hb run4
[ 2481/ 4000] elapsed 24607s eta 15071s  n=161  hb run4
[ 2482/ 4000] elapsed 24608s eta 15056s  n=167  hb run4
[ 2483/ 4000] elapsed 24609s eta 15041s  n=172  hb run4
[ 2484/ 4000] elapsed 24610s eta 15025s  n=178  hb run4
[ 2485/ 4000] elapsed 24611s eta 15010s  n=184  hb run4
[ 2486/ 4000] elapsed 24612s eta 14994s  n=190  hb run4
[ 2487/ 4000] elapsed 24613s eta 14979s  n=197  hb run4
[ 2488/ 4000] elapsed 24615s eta 14964s  n=203  hb run4
[ 2489/ 4000] elapsed 24616s eta 14949s  n=210  hb run4
[ 2490/ 4000] elapsed 24617s eta 14934s  n=217  hb run4
[ 2491/ 4000] elapsed 24619s eta 14919s  n=224  hb run4
[ 2492/ 4000] elapsed 24620s eta 14904s  n=232  hb run4
[ 2493/ 4000] elapsed 24621s eta 14889s  n=240  hb run4
[ 2494/ 4000] elapsed 24623s eta 14874s  n=248  hb run4
[ 2495/ 4000] elapsed 24624s eta 14859s  n=256  hb run4
[ 2496/ 4000] elapsed 24626s eta 14844s  n=265  hb run4
[ 2497/ 4000] elapsed 24628s eta 14830s  n=273  hb run4
[ 2498/ 4000] elapsed 24629s eta 14814s  n=283  hb run4
[ 2499/ 4000] elapsed 24631s eta 14800s  n=292  hb run4
[ 2500/ 4000] elapsed 24633s eta 14785s  n=302  hb run4
[ 2501/ 4000] elapsed 24635s eta 14771s  n=312  hb run4
[ 2502/ 4000] elapsed 24637s eta 14756s  n=323  hb run4
[ 2503/ 4000] elapsed 24639s eta 14742s  n=333  hb run4
[ 2504/ 4000] elapsed 24641s eta 14727s  n=345  hb run4
[ 2505/ 4000] elapsed 24643s eta 14712s  n=356  hb run4
[ 2506/ 4000] elapsed 24645s eta 14698s  n=368  hb run4
[ 2507/ 4000] elapsed 24648s eta 14684s  n=380  hb run4
[ 2508/ 4000] elapsed 24650s eta 14670s  n=393  hb run4
[ 2509/ 4000] elapsed 24653s eta 14656s  n=406  hb run4
[ 2510/ 4000] elapsed 24655s eta 14641s  n=420  hb run4
[ 2511/ 4000] elapsed 24658s eta 14627s  n=434  hb run4
[ 2512/ 4000] elapsed 24661s eta 14613s  n=449  hb run4
[ 2513/ 4000] elapsed 24664s eta 14600s  n=464  hb run4
[ 2514/ 4000] elapsed 24667s eta 14586s  n=479  hb run4
[ 2515/ 4000] elapsed 24670s eta 14572s  n=495  hb run4
[ 2516/ 4000] elapsed 24673s eta 14558s  n=512  hb run4
[ 2517/ 4000] elapsed 24676s eta 14544s  n=529  hb run4
[ 2518/ 4000] elapsed 24680s eta 14531s  n=547  hb run4
[ 2519/ 4000] elapsed 24684s eta 14518s  n=565  hb run4
[ 2520/ 4000] elapsed 24687s eta 14504s  n=584  hb run4
[ 2521/ 4000] elapsed 24692s eta 14491s  n=604  hb run4
[ 2522/ 4000] elapsed 24696s eta 14478s  n=624  hb run4
[ 2523/ 4000] elapsed 24700s eta 14465s  n=645  hb run4
[ 2524/ 4000] elapsed 24705s eta 14452s  n=667  hb run4
[ 2525/ 4000] elapsed 24709s eta 14439s  n=689  hb run4
[ 2526/ 4000] elapsed 24714s eta 14427s  n=712  hb run4
[ 2527/ 4000] elapsed 24719s eta 14414s  n=736  hb run4
[ 2528/ 4000] elapsed 24724s eta 14401s  n=761  hb run4
[ 2529/ 4000] elapsed 24729s eta 14389s  n=786  hb run4
[ 2530/ 4000] elapsed 24735s eta 14377s  n=813  hb run4
[ 2531/ 4000] elapsed 24740s eta 14364s  n=840  hb run4
[ 2532/ 4000] elapsed 24746s eta 14352s  n=868  hb run4
[ 2533/ 4000] elapsed 24752s eta 14340s  n=897  hb run4
[ 2534/ 4000] elapsed 24758s eta 14328s  n=927  hb run4
[ 2535/ 4000] elapsed 24765s eta 14317s  n=959  hb run4
[ 2536/ 4000] elapsed 24771s eta 14305s  n=991  hb run4
[ 2537/ 4000] elapsed 24778s eta 14294s  n=1024 hb run4
[ 2538/ 4000] elapsed 24786s eta 14283s  n=1058 hb run4
[ 2539/ 4000] elapsed 24793s eta 14272s  n=1094 hb run4
[ 2540/ 4000] elapsed 24800s eta 14260s  n=1131 hb run4
[ 2541/ 4000] elapsed 24808s eta 14249s  n=1169 hb run4
[ 2542/ 4000] elapsed 24817s eta 14239s  n=1208 hb run4
[ 2543/ 4000] elapsed 24825s eta 14228s  n=1248 hb run4
[ 2544/ 4000] elapsed 24834s eta 14218s  n=1290 hb run4
[ 2545/ 4000] elapsed 24843s eta 14208s  n=1333 hb run4
[ 2546/ 4000] elapsed 24853s eta 14198s  n=1378 hb run4
[ 2547/ 4000] elapsed 24862s eta 14188s  n=1424 hb run4
[ 2548/ 4000] elapsed 24873s eta 14179s  n=1472 hb run4
[ 2549/ 4000] elapsed 24883s eta 14170s  n=1522 hb run4
[ 2550/ 4000] elapsed 24894s eta 14160s  n=1573 hb run4
[ 2551/ 4000] elapsed 24905s eta 14151s  n=1625 hb run4
[ 2552/ 4000] elapsed 24916s eta 14142s  n=1680 hb run4
[ 2553/ 4000] elapsed 24928s eta 14134s  n=1736 hb run4
[ 2554/ 4000] elapsed 24941s eta 14126s  n=1795 hb run4
[ 2555/ 4000] elapsed 24954s eta 14118s  n=1855 hb run4
[ 2556/ 4000] elapsed 24967s eta 14110s  n=1917 hb run4
[ 2557/ 4000] elapsed 24981s eta 14103s  n=1982 hb run4
[ 2558/ 4000] elapsed 24995s eta 14095s  n=2048 hb run4
[ 2559/ 4000] elapsed 25010s eta 14088s  n=2117 hb run4
[ 2560/ 4000] elapsed 25026s eta 14082s  n=2188 hb run4
[ 2561/ 4000] elapsed 25042s eta 14076s  n=2261 hb run4
[ 2562/ 4000] elapsed 25058s eta 14070s  n=2337 hb run4
[ 2563/ 4000] elapsed 25075s eta 14064s  n=2415 hb run4
[ 2564/ 4000] elapsed 25093s eta 14059s  n=2497 hb run4
[ 2565/ 4000] elapsed 25111s eta 14053s  n=2580 hb run4
[ 2566/ 4000] elapsed 25130s eta 14049s  n=2667 hb run4
[ 2567/ 4000] elapsed 25149s eta 14044s  n=2756 hb run4
[ 2568/ 4000] elapsed 25169s eta 14040s  n=2849 hb run4
[ 2569/ 4000] elapsed 25190s eta 14036s  n=2945 hb run4
[ 2570/ 4000] elapsed 25212s eta 14033s  n=3043 hb run4
[ 2571/ 4000] elapsed 25234s eta 14030s  n=3145 hb run4
[ 2572/ 4000] elapsed 25258s eta 14028s  n=3251 hb run4
[ 2573/ 4000] elapsed 25282s eta 14026s  n=3360 hb run4
[ 2574/ 4000] elapsed 25307s eta 14025s  n=3473 hb run4
[ 2575/ 4000] elapsed 25334s eta 14025s  n=3589 hb run4
[ 2576/ 4000] elapsed 25361s eta 14024s  n=3710 hb run4
[ 2577/ 4000] elapsed 25390s eta 14025s  n=3834 hb run4
[ 2578/ 4000] elapsed 25419s eta 14026s  n=3963 hb run4
[ 2579/ 4000] elapsed 25450s eta 14028s  n=4096 hb run4
[ 2580/ 4000] elapsed 25482s eta 14030s  n=4233 hb run4
[ 2581/ 4000] elapsed 25515s eta 14033s  n=4376 hb run4
[ 2582/ 4000] elapsed 25550s eta 14037s  n=4522 hb run4
[ 2583/ 4000] elapsed 25586s eta 14041s  n=4674 hb run4
[ 2584/ 4000] elapsed 25625s eta 14047s  n=4831 hb run4
[ 2585/ 4000] elapsed 25665s eta 14054s  n=4993 hb run4
[ 2586/ 4000] elapsed 25707s eta 14061s  n=5161 hb run4
[ 2587/ 4000] elapsed 25750s eta 14069s  n=5334 hb run4
[ 2588/ 4000] elapsed 25795s eta 14079s  n=5513 hb run4
[ 2589/ 4000] elapsed 25842s eta 14089s  n=5698 hb run4
[ 2590/ 4000] elapsed 25891s eta 14100s  n=5889 hb run4
[ 2591/ 4000] elapsed 25943s eta 14113s  n=6087 hb run4
[ 2592/ 4000] elapsed 25997s eta 14127s  n=6291 hb run4
[ 2593/ 4000] elapsed 26053s eta 14142s  n=6502 hb run4
[ 2594/ 4000] elapsed 26111s eta 14158s  n=6720 hb run4
[ 2595/ 4000] elapsed 26172s eta 14175s  n=6946 hb run4
[ 2596/ 4000] elapsed 26235s eta 14194s  n=7179 hb run4
[ 2597/ 4000] elapsed 26301s eta 14214s  n=7420 hb run4
[ 2598/ 4000] elapsed 26370s eta 14235s  n=7669 hb run4
[ 2599/ 4000] elapsed 26443s eta 14259s  n=7926 hb run4
[ 2600/ 4000] elapsed 26517s eta 14283s  n=8192 hb run4
[ 2601/ 4000] elapsed 26596s eta 14310s  n=1    hs run4
[ 2602/ 4000] elapsed 26596s eta 14294s  n=2    hs run4
[ 2603/ 4000] elapsed 26596s eta 14279s  n=3    hs run4
[ 2604/ 4000] elapsed 26596s eta 14263s  n=4    hs run4
[ 2605/ 4000] elapsed 26596s eta 14247s  n=5    hs run4
[ 2606/ 4000] elapsed 26596s eta 14232s  n=6    hs run4
[ 2607/ 4000] elapsed 26596s eta 14216s  n=7    hs run4
[ 2608/ 4000] elapsed 26596s eta 14200s  n=8    hs run4
[ 2609/ 4000] elapsed 26596s eta 14185s  n=9    hs run4
[ 2610/ 4000] elapsed 26596s eta 14169s  n=10   hs run4
[ 2611/ 4000] elapsed 26596s eta 14153s  n=11   hs run4
[ 2612/ 4000] elapsed 26596s eta 14138s  n=12   hs run4
[ 2613/ 4000] elapsed 26596s eta 14122s  n=13   hs run4
[ 2614/ 4000] elapsed 26596s eta 14107s  n=14   hs run4
[ 2615/ 4000] elapsed 26596s eta 14091s  n=15   hs run4
[ 2616/ 4000] elapsed 26596s eta 14076s  n=16   hs run4
[ 2617/ 4000] elapsed 26596s eta 14060s  n=17   hs run4
[ 2618/ 4000] elapsed 26597s eta 14045s  n=18   hs run4
[ 2619/ 4000] elapsed 26597s eta 14029s  n=19   hs run4
[ 2620/ 4000] elapsed 26597s eta 14014s  n=20   hs run4
[ 2621/ 4000] elapsed 26597s eta 13998s  n=21   hs run4
[ 2622/ 4000] elapsed 26597s eta 13983s  n=22   hs run4
[ 2623/ 4000] elapsed 26597s eta 13967s  n=23   hs run4
[ 2624/ 4000] elapsed 26597s eta 13952s  n=24   hs run4
[ 2625/ 4000] elapsed 26597s eta 13937s  n=25   hs run4
[ 2626/ 4000] elapsed 26597s eta 13921s  n=26   hs run4
[ 2627/ 4000] elapsed 26598s eta 13906s  n=27   hs run4
[ 2628/ 4000] elapsed 26598s eta 13891s  n=28   hs run4
[ 2629/ 4000] elapsed 26598s eta 13875s  n=29   hs run4
[ 2630/ 4000] elapsed 26598s eta 13860s  n=30   hs run4
[ 2631/ 4000] elapsed 26598s eta 13845s  n=31   hs run4
[ 2632/ 4000] elapsed 26598s eta 13829s  n=32   hs run4
[ 2633/ 4000] elapsed 26599s eta 13814s  n=33   hs run4
[ 2634/ 4000] elapsed 26599s eta 13799s  n=34   hs run4
[ 2635/ 4000] elapsed 26599s eta 13784s  n=35   hs run4
[ 2636/ 4000] elapsed 26599s eta 13768s  n=37   hs run4
[ 2637/ 4000] elapsed 26599s eta 13753s  n=38   hs run4
[ 2638/ 4000] elapsed 26600s eta 13738s  n=39   hs run4
[ 2639/ 4000] elapsed 26600s eta 13723s  n=40   hs run4
[ 2640/ 4000] elapsed 26600s eta 13708s  n=42   hs run4
[ 2641/ 4000] elapsed 26600s eta 13692s  n=43   hs run4
[ 2642/ 4000] elapsed 26601s eta 13678s  n=45   hs run4
[ 2643/ 4000] elapsed 26601s eta 13662s  n=46   hs run4
[ 2644/ 4000] elapsed 26601s eta 13647s  n=48   hs run4
[ 2645/ 4000] elapsed 26601s eta 13632s  n=49   hs run4
[ 2646/ 4000] elapsed 26602s eta 13617s  n=51   hs run4
[ 2647/ 4000] elapsed 26602s eta 13602s  n=53   hs run4
[ 2648/ 4000] elapsed 26602s eta 13587s  n=54   hs run4
[ 2649/ 4000] elapsed 26602s eta 13572s  n=56   hs run4
[ 2650/ 4000] elapsed 26603s eta 13557s  n=58   hs run4
[ 2651/ 4000] elapsed 26603s eta 13542s  n=60   hs run4
[ 2652/ 4000] elapsed 26603s eta 13527s  n=62   hs run4
[ 2653/ 4000] elapsed 26604s eta 13512s  n=64   hs run4
[ 2654/ 4000] elapsed 26604s eta 13497s  n=66   hs run4
[ 2655/ 4000] elapsed 26605s eta 13482s  n=68   hs run4
[ 2656/ 4000] elapsed 26605s eta 13467s  n=71   hs run4
[ 2657/ 4000] elapsed 26605s eta 13452s  n=73   hs run4
[ 2658/ 4000] elapsed 26606s eta 13438s  n=75   hs run4
[ 2659/ 4000] elapsed 26606s eta 13423s  n=78   hs run4
[ 2660/ 4000] elapsed 26607s eta 13408s  n=81   hs run4
[ 2661/ 4000] elapsed 26607s eta 13393s  n=83   hs run4
[ 2662/ 4000] elapsed 26608s eta 13378s  n=86   hs run4
[ 2663/ 4000] elapsed 26608s eta 13363s  n=89   hs run4
[ 2664/ 4000] elapsed 26609s eta 13349s  n=92   hs run4
[ 2665/ 4000] elapsed 26609s eta 13334s  n=95   hs run4
[ 2666/ 4000] elapsed 26610s eta 13319s  n=98   hs run4
[ 2667/ 4000] elapsed 26610s eta 13305s  n=102  hs run4
[ 2668/ 4000] elapsed 26611s eta 13290s  n=105  hs run4
[ 2669/ 4000] elapsed 26612s eta 13276s  n=109  hs run4
[ 2670/ 4000] elapsed 26612s eta 13261s  n=112  hs run4
[ 2671/ 4000] elapsed 26613s eta 13246s  n=116  hs run4
[ 2672/ 4000] elapsed 26614s eta 13232s  n=120  hs run4
[ 2673/ 4000] elapsed 26614s eta 13217s  n=124  hs run4
[ 2674/ 4000] elapsed 26615s eta 13202s  n=128  hs run4
[ 2675/ 4000] elapsed 26616s eta 13188s  n=132  hs run4
[ 2676/ 4000] elapsed 26616s eta 13173s  n=137  hs run4
[ 2677/ 4000] elapsed 26617s eta 13159s  n=141  hs run4
[ 2678/ 4000] elapsed 26618s eta 13144s  n=146  hs run4
[ 2679/ 4000] elapsed 26619s eta 13130s  n=151  hs run4
[ 2680/ 4000] elapsed 26620s eta 13116s  n=156  hs run4
[ 2681/ 4000] elapsed 26621s eta 13101s  n=161  hs run4
[ 2682/ 4000] elapsed 26622s eta 13087s  n=167  hs run4
[ 2683/ 4000] elapsed 26623s eta 13073s  n=172  hs run4
[ 2684/ 4000] elapsed 26624s eta 13058s  n=178  hs run4
[ 2685/ 4000] elapsed 26625s eta 13044s  n=184  hs run4
[ 2686/ 4000] elapsed 26626s eta 13030s  n=190  hs run4
[ 2687/ 4000] elapsed 26627s eta 13016s  n=197  hs run4
[ 2688/ 4000] elapsed 26629s eta 13002s  n=203  hs run4
[ 2689/ 4000] elapsed 26630s eta 12988s  n=210  hs run4
[ 2690/ 4000] elapsed 26631s eta 12973s  n=217  hs run4
[ 2691/ 4000] elapsed 26633s eta 12960s  n=224  hs run4
[ 2692/ 4000] elapsed 26634s eta 12945s  n=232  hs run4
[ 2693/ 4000] elapsed 26635s eta 12931s  n=240  hs run4
[ 2694/ 4000] elapsed 26637s eta 12917s  n=248  hs run4
[ 2695/ 4000] elapsed 26638s eta 12903s  n=256  hs run4
[ 2696/ 4000] elapsed 26640s eta 12890s  n=265  hs run4
[ 2697/ 4000] elapsed 26642s eta 12876s  n=273  hs run4
[ 2698/ 4000] elapsed 26643s eta 12862s  n=283  hs run4
[ 2699/ 4000] elapsed 26645s eta 12848s  n=292  hs run4
[ 2700/ 4000] elapsed 26647s eta 12834s  n=302  hs run4
[ 2701/ 4000] elapsed 26649s eta 12821s  n=312  hs run4
[ 2702/ 4000] elapsed 26651s eta 12807s  n=323  hs run4
[ 2703/ 4000] elapsed 26653s eta 12793s  n=333  hs run4
[ 2704/ 4000] elapsed 26655s eta 12780s  n=345  hs run4
[ 2705/ 4000] elapsed 26657s eta 12766s  n=356  hs run4
[ 2706/ 4000] elapsed 26660s eta 12753s  n=368  hs run4
[ 2707/ 4000] elapsed 26662s eta 12739s  n=380  hs run4
[ 2708/ 4000] elapsed 26665s eta 12726s  n=393  hs run4
[ 2709/ 4000] elapsed 26667s eta 12713s  n=406  hs run4
[ 2710/ 4000] elapsed 26670s eta 12700s  n=420  hs run4
[ 2711/ 4000] elapsed 26672s eta 12686s  n=434  hs run4
[ 2712/ 4000] elapsed 26675s eta 12673s  n=449  hs run4
[ 2713/ 4000] elapsed 26678s eta 12660s  n=464  hs run4
[ 2714/ 4000] elapsed 26681s eta 12647s  n=479  hs run4
[ 2715/ 4000] elapsed 26684s eta 12634s  n=495  hs run4
[ 2716/ 4000] elapsed 26687s eta 12621s  n=512  hs run4
[ 2717/ 4000] elapsed 26691s eta 12608s  n=529  hs run4
[ 2718/ 4000] elapsed 26694s eta 12595s  n=547  hs run4
[ 2719/ 4000] elapsed 26698s eta 12582s  n=565  hs run4
[ 2720/ 4000] elapsed 26702s eta 12570s  n=584  hs run4
[ 2721/ 4000] elapsed 26706s eta 12557s  n=604  hs run4
[ 2722/ 4000] elapsed 26710s eta 12545s  n=624  hs run4
[ 2723/ 4000] elapsed 26714s eta 12532s  n=645  hs run4
[ 2724/ 4000] elapsed 26719s eta 12520s  n=667  hs run4
[ 2725/ 4000] elapsed 26723s eta 12508s  n=689  hs run4
[ 2726/ 4000] elapsed 26728s eta 12495s  n=712  hs run4
[ 2727/ 4000] elapsed 26733s eta 12483s  n=736  hs run4
[ 2728/ 4000] elapsed 26738s eta 12471s  n=761  hs run4
[ 2729/ 4000] elapsed 26743s eta 12459s  n=786  hs run4
[ 2730/ 4000] elapsed 26749s eta 12448s  n=813  hs run4
[ 2731/ 4000] elapsed 26754s eta 12436s  n=840  hs run4
[ 2732/ 4000] elapsed 26760s eta 12424s  n=868  hs run4
[ 2733/ 4000] elapsed 26766s eta 12413s  n=897  hs run4
[ 2734/ 4000] elapsed 26773s eta 12401s  n=927  hs run4
[ 2735/ 4000] elapsed 26779s eta 12390s  n=959  hs run4
[ 2736/ 4000] elapsed 26786s eta 12379s  n=991  hs run4
[ 2737/ 4000] elapsed 26792s eta 12367s  n=1024 hs run4
[ 2738/ 4000] elapsed 26800s eta 12357s  n=1058 hs run4
[ 2739/ 4000] elapsed 26807s eta 12346s  n=1094 hs run4
[ 2740/ 4000] elapsed 26815s eta 12335s  n=1131 hs run4
[ 2741/ 4000] elapsed 26823s eta 12324s  n=1169 hs run4
[ 2742/ 4000] elapsed 26831s eta 12314s  n=1208 hs run4
[ 2743/ 4000] elapsed 26839s eta 12303s  n=1248 hs run4
[ 2744/ 4000] elapsed 26848s eta 12293s  n=1290 hs run4
[ 2745/ 4000] elapsed 26857s eta 12283s  n=1333 hs run4
[ 2746/ 4000] elapsed 26867s eta 12273s  n=1378 hs run4
[ 2747/ 4000] elapsed 26877s eta 12263s  n=1424 hs run4
[ 2748/ 4000] elapsed 26887s eta 12254s  n=1472 hs run4
[ 2749/ 4000] elapsed 26897s eta 12244s  n=1522 hs run4
[ 2750/ 4000] elapsed 26908s eta 12235s  n=1573 hs run4
[ 2751/ 4000] elapsed 26919s eta 12226s  n=1625 hs run4
[ 2752/ 4000] elapsed 26931s eta 12217s  n=1680 hs run4
[ 2753/ 4000] elapsed 26943s eta 12208s  n=1736 hs run4
[ 2754/ 4000] elapsed 26955s eta 12199s  n=1795 hs run4
[ 2755/ 4000] elapsed 26968s eta 12191s  n=1855 hs run4
[ 2756/ 4000] elapsed 26982s eta 12183s  n=1917 hs run4
[ 2757/ 4000] elapsed 26996s eta 12175s  n=1982 hs run4
[ 2758/ 4000] elapsed 27010s eta 12167s  n=2048 hs run4
[ 2759/ 4000] elapsed 27025s eta 12160s  n=2117 hs run4
[ 2760/ 4000] elapsed 27040s eta 12152s  n=2188 hs run4
[ 2761/ 4000] elapsed 27056s eta 12145s  n=2261 hs run4
[ 2762/ 4000] elapsed 27072s eta 12138s  n=2337 hs run4
[ 2763/ 4000] elapsed 27089s eta 12132s  n=2415 hs run4
[ 2764/ 4000] elapsed 27107s eta 12126s  n=2497 hs run4
[ 2765/ 4000] elapsed 27125s eta 12119s  n=2580 hs run4
[ 2766/ 4000] elapsed 27144s eta 12114s  n=2667 hs run4
[ 2767/ 4000] elapsed 27163s eta 12108s  n=2756 hs run4
[ 2768/ 4000] elapsed 27184s eta 12103s  n=2849 hs run4
[ 2769/ 4000] elapsed 27205s eta 12098s  n=2945 hs run4
[ 2770/ 4000] elapsed 27227s eta 12094s  n=3043 hs run4
[ 2771/ 4000] elapsed 27250s eta 12090s  n=3145 hs run4
[ 2772/ 4000] elapsed 27273s eta 12086s  n=3251 hs run4
[ 2773/ 4000] elapsed 27298s eta 12083s  n=3360 hs run4
[ 2774/ 4000] elapsed 27323s eta 12080s  n=3473 hs run4
[ 2775/ 4000] elapsed 27349s eta 12077s  n=3589 hs run4
[ 2776/ 4000] elapsed 27377s eta 12075s  n=3710 hs run4
[ 2777/ 4000] elapsed 27406s eta 12074s  n=3834 hs run4
[ 2778/ 4000] elapsed 27436s eta 12073s  n=3963 hs run4
[ 2779/ 4000] elapsed 27467s eta 12072s  n=4096 hs run4
[ 2780/ 4000] elapsed 27499s eta 12072s  n=4233 hs run4
[ 2781/ 4000] elapsed 27533s eta 12072s  n=4376 hs run4
[ 2782/ 4000] elapsed 27569s eta 12074s  n=4522 hs run4
[ 2783/ 4000] elapsed 27611s eta 12078s  n=4674 hs run4
[ 2784/ 4000] elapsed 27656s eta 12083s  n=4831 hs run4
[ 2785/ 4000] elapsed 27697s eta 12087s  n=4993 hs run4
[ 2786/ 4000] elapsed 27739s eta 12091s  n=5161 hs run4
[ 2787/ 4000] elapsed 27783s eta 12096s  n=5334 hs run4
[ 2788/ 4000] elapsed 27828s eta 12101s  n=5513 hs run4
[ 2789/ 4000] elapsed 27876s eta 12108s  n=5698 hs run4
[ 2790/ 4000] elapsed 27926s eta 12115s  n=5889 hs run4
[ 2791/ 4000] elapsed 27977s eta 12123s  n=6087 hs run4
[ 2792/ 4000] elapsed 28031s eta 12132s  n=6291 hs run4
[ 2793/ 4000] elapsed 28087s eta 12142s  n=6502 hs run4
[ 2794/ 4000] elapsed 28146s eta 12153s  n=6720 hs run4
[ 2795/ 4000] elapsed 28207s eta 12165s  n=6946 hs run4
[ 2796/ 4000] elapsed 28270s eta 12177s  n=7179 hs run4
[ 2797/ 4000] elapsed 28336s eta 12191s  n=7420 hs run4
[ 2798/ 4000] elapsed 28405s eta 12206s  n=7669 hs run4
[ 2799/ 4000] elapsed 28476s eta 12222s  n=7926 hs run4
[ 2800/ 4000] elapsed 28551s eta 12240s  n=8192 hs run4
[ 2801/ 4000] elapsed 28629s eta 12259s  n=1    cb run4
[ 2802/ 4000] elapsed 28629s eta 12244s  n=2    cb run4
[ 2803/ 4000] elapsed 28629s eta 12230s  n=3    cb run4
[ 2804/ 4000] elapsed 28629s eta 12215s  n=4    cb run4
[ 2805/ 4000] elapsed 28629s eta 12201s  n=5    cb run4
[ 2806/ 4000] elapsed 28629s eta 12186s  n=6    cb run4
[ 2807/ 4000] elapsed 28629s eta 12171s  n=7    cb run4
[ 2808/ 4000] elapsed 28629s eta 12157s  n=8    cb run4
[ 2809/ 4000] elapsed 28629s eta 12142s  n=9    cb run4
[ 2810/ 4000] elapsed 28629s eta 12128s  n=10   cb run4
[ 2811/ 4000] elapsed 28630s eta 12114s  n=11   cb run4
[ 2812/ 4000] elapsed 28630s eta 12099s  n=12   cb run4
[ 2813/ 4000] elapsed 28630s eta 12085s  n=13   cb run4
[ 2814/ 4000] elapsed 28630s eta 12070s  n=14   cb run4
[ 2815/ 4000] elapsed 28630s eta 12056s  n=15   cb run4
[ 2816/ 4000] elapsed 28630s eta 12041s  n=16   cb run4
[ 2817/ 4000] elapsed 28630s eta 12027s  n=17   cb run4
[ 2818/ 4000] elapsed 28630s eta 12013s  n=18   cb run4
[ 2819/ 4000] elapsed 28630s eta 11998s  n=19   cb run4
[ 2820/ 4000] elapsed 28630s eta 11984s  n=20   cb run4
[ 2821/ 4000] elapsed 28630s eta 11969s  n=21   cb run4
[ 2822/ 4000] elapsed 28631s eta 11955s  n=22   cb run4
[ 2823/ 4000] elapsed 28631s eta 11941s  n=23   cb run4
[ 2824/ 4000] elapsed 28631s eta 11927s  n=24   cb run4
[ 2825/ 4000] elapsed 28631s eta 11912s  n=25   cb run4
[ 2826/ 4000] elapsed 28631s eta 11898s  n=26   cb run4
[ 2827/ 4000] elapsed 28631s eta 11883s  n=27   cb run4
[ 2828/ 4000] elapsed 28631s eta 11869s  n=28   cb run4
[ 2829/ 4000] elapsed 28632s eta 11855s  n=29   cb run4
[ 2830/ 4000] elapsed 28632s eta 11841s  n=30   cb run4
[ 2831/ 4000] elapsed 28632s eta 11827s  n=31   cb run4
[ 2832/ 4000] elapsed 28632s eta 11812s  n=32   cb run4
[ 2833/ 4000] elapsed 28632s eta 11798s  n=33   cb run4
[ 2834/ 4000] elapsed 28633s eta 11784s  n=34   cb run4
[ 2835/ 4000] elapsed 28633s eta 11770s  n=35   cb run4
[ 2836/ 4000] elapsed 28633s eta 11756s  n=37   cb run4
[ 2837/ 4000] elapsed 28633s eta 11741s  n=38   cb run4
[ 2838/ 4000] elapsed 28633s eta 11727s  n=39   cb run4
[ 2839/ 4000] elapsed 28634s eta 11713s  n=40   cb run4
[ 2840/ 4000] elapsed 28634s eta 11699s  n=42   cb run4
[ 2841/ 4000] elapsed 28634s eta 11685s  n=43   cb run4
[ 2842/ 4000] elapsed 28634s eta 11671s  n=45   cb run4
[ 2843/ 4000] elapsed 28635s eta 11657s  n=46   cb run4
[ 2844/ 4000] elapsed 28635s eta 11643s  n=48   cb run4
[ 2845/ 4000] elapsed 28635s eta 11629s  n=49   cb run4
[ 2846/ 4000] elapsed 28635s eta 11615s  n=51   cb run4
[ 2847/ 4000] elapsed 28636s eta 11601s  n=53   cb run4
[ 2848/ 4000] elapsed 28636s eta 11587s  n=54   cb run4
[ 2849/ 4000] elapsed 28636s eta 11573s  n=56   cb run4
[ 2850/ 4000] elapsed 28637s eta 11559s  n=58   cb run4
[ 2851/ 4000] elapsed 28637s eta 11545s  n=60   cb run4
[ 2852/ 4000] elapsed 28637s eta 11531s  n=62   cb run4
[ 2853/ 4000] elapsed 28638s eta 11517s  n=64   cb run4
[ 2854/ 4000] elapsed 28638s eta 11503s  n=66   cb run4
[ 2855/ 4000] elapsed 28639s eta 11489s  n=68   cb run4
[ 2856/ 4000] elapsed 28639s eta 11475s  n=71   cb run4
[ 2857/ 4000] elapsed 28639s eta 11461s  n=73   cb run4
[ 2858/ 4000] elapsed 28640s eta 11447s  n=75   cb run4
[ 2859/ 4000] elapsed 28640s eta 11433s  n=78   cb run4
[ 2860/ 4000] elapsed 28641s eta 11420s  n=81   cb run4
[ 2861/ 4000] elapsed 28641s eta 11406s  n=83   cb run4
[ 2862/ 4000] elapsed 28642s eta 11392s  n=86   cb run4
[ 2863/ 4000] elapsed 28642s eta 11378s  n=89   cb run4
[ 2864/ 4000] elapsed 28643s eta 11365s  n=92   cb run4
[ 2865/ 4000] elapsed 28643s eta 11351s  n=95   cb run4
[ 2866/ 4000] elapsed 28644s eta 11337s  n=98   cb run4
[ 2867/ 4000] elapsed 28644s eta 11323s  n=102  cb run4
[ 2868/ 4000] elapsed 28645s eta 11310s  n=105  cb run4
[ 2869/ 4000] elapsed 28646s eta 11296s  n=109  cb run4
[ 2870/ 4000] elapsed 28646s eta 11282s  n=112  cb run4
[ 2871/ 4000] elapsed 28647s eta 11269s  n=116  cb run4
[ 2872/ 4000] elapsed 28648s eta 11255s  n=120  cb run4
[ 2873/ 4000] elapsed 28648s eta 11241s  n=124  cb run4
[ 2874/ 4000] elapsed 28649s eta 11228s  n=128  cb run4
[ 2875/ 4000] elapsed 28650s eta 11214s  n=132  cb run4
[ 2876/ 4000] elapsed 28651s eta 11201s  n=137  cb run4
[ 2877/ 4000] elapsed 28651s eta 11187s  n=141  cb run4
[ 2878/ 4000] elapsed 28652s eta 11173s  n=146  cb run4
[ 2879/ 4000] elapsed 28653s eta 11160s  n=151  cb run4
[ 2880/ 4000] elapsed 28654s eta 11147s  n=156  cb run4
[ 2881/ 4000] elapsed 28655s eta 11133s  n=161  cb run4
[ 2882/ 4000] elapsed 28656s eta 11120s  n=167  cb run4
[ 2883/ 4000] elapsed 28657s eta 11106s  n=172  cb run4
[ 2884/ 4000] elapsed 28658s eta 11093s  n=178  cb run4
[ 2885/ 4000] elapsed 28659s eta 11080s  n=184  cb run4
[ 2886/ 4000] elapsed 28660s eta 11066s  n=190  cb run4
[ 2887/ 4000] elapsed 28662s eta 11053s  n=197  cb run4
[ 2888/ 4000] elapsed 28663s eta 11040s  n=203  cb run4
[ 2889/ 4000] elapsed 28664s eta 11026s  n=210  cb run4
[ 2890/ 4000] elapsed 28665s eta 11013s  n=217  cb run4
[ 2891/ 4000] elapsed 28667s eta 11000s  n=224  cb run4
[ 2892/ 4000] elapsed 28668s eta 10987s  n=232  cb run4
[ 2893/ 4000] elapsed 28670s eta 10974s  n=240  cb run4
[ 2894/ 4000] elapsed 28671s eta 10960s  n=248  cb run4
[ 2895/ 4000] elapsed 28673s eta 10948s  n=256  cb run4
[ 2896/ 4000] elapsed 28674s eta 10934s  n=265  cb run4
[ 2897/ 4000] elapsed 28676s eta 10921s  n=273  cb run4
[ 2898/ 4000] elapsed 28678s eta 10908s  n=283  cb run4
[ 2899/ 4000] elapsed 28679s eta 10895s  n=292  cb run4
[ 2900/ 4000] elapsed 28681s eta 10882s  n=302  cb run4
[ 2901/ 4000] elapsed 28683s eta 10869s  n=312  cb run4
[ 2902/ 4000] elapsed 28685s eta 10856s  n=323  cb run4
[ 2903/ 4000] elapsed 28687s eta 10844s  n=333  cb run4
[ 2904/ 4000] elapsed 28689s eta 10831s  n=345  cb run4
[ 2905/ 4000] elapsed 28692s eta 10818s  n=356  cb run4
[ 2906/ 4000] elapsed 28694s eta 10805s  n=368  cb run4
[ 2907/ 4000] elapsed 28696s eta 10793s  n=380  cb run4
[ 2908/ 4000] elapsed 28699s eta 10780s  n=393  cb run4
[ 2909/ 4000] elapsed 28701s eta 10767s  n=406  cb run4
[ 2910/ 4000] elapsed 28704s eta 10755s  n=420  cb run4
[ 2911/ 4000] elapsed 28706s eta 10742s  n=434  cb run4
[ 2912/ 4000] elapsed 28709s eta 10730s  n=449  cb run4
[ 2913/ 4000] elapsed 28712s eta 10717s  n=464  cb run4
[ 2914/ 4000] elapsed 28715s eta 10705s  n=479  cb run4
[ 2915/ 4000] elapsed 28718s eta 10692s  n=495  cb run4
[ 2916/ 4000] elapsed 28721s eta 10680s  n=512  cb run4
[ 2917/ 4000] elapsed 28724s eta 10668s  n=529  cb run4
[ 2918/ 4000] elapsed 28728s eta 10656s  n=547  cb run4
[ 2919/ 4000] elapsed 28732s eta 10644s  n=565  cb run4
[ 2920/ 4000] elapsed 28736s eta 10632s  n=584  cb run4
[ 2921/ 4000] elapsed 28739s eta 10619s  n=604  cb run4
[ 2922/ 4000] elapsed 28744s eta 10608s  n=624  cb run4
[ 2923/ 4000] elapsed 28748s eta 10596s  n=645  cb run4
[ 2924/ 4000] elapsed 28752s eta 10584s  n=667  cb run4
[ 2925/ 4000] elapsed 28757s eta 10572s  n=689  cb run4
[ 2926/ 4000] elapsed 28761s eta 10560s  n=712  cb run4
[ 2927/ 4000] elapsed 28766s eta 10548s  n=736  cb run4
[ 2928/ 4000] elapsed 28771s eta 10537s  n=761  cb run4
[ 2929/ 4000] elapsed 28777s eta 10526s  n=786  cb run4
[ 2930/ 4000] elapsed 28782s eta 10514s  n=813  cb run4
[ 2931/ 4000] elapsed 28788s eta 10503s  n=840  cb run4
[ 2932/ 4000] elapsed 28794s eta 10491s  n=868  cb run4
[ 2933/ 4000] elapsed 28800s eta 10480s  n=897  cb run4
[ 2934/ 4000] elapsed 28806s eta 10469s  n=927  cb run4
[ 2935/ 4000] elapsed 28813s eta 10458s  n=959  cb run4
[ 2936/ 4000] elapsed 28819s eta 10447s  n=991  cb run4
[ 2937/ 4000] elapsed 28826s eta 10436s  n=1024 cb run4
[ 2938/ 4000] elapsed 28833s eta 10425s  n=1058 cb run4
[ 2939/ 4000] elapsed 28840s eta 10414s  n=1094 cb run4
[ 2940/ 4000] elapsed 28848s eta 10404s  n=1131 cb run4
[ 2941/ 4000] elapsed 28856s eta 10394s  n=1169 cb run4
[ 2942/ 4000] elapsed 28864s eta 10383s  n=1208 cb run4
[ 2943/ 4000] elapsed 28873s eta 10373s  n=1248 cb run4
[ 2944/ 4000] elapsed 28881s eta 10363s  n=1290 cb run4
[ 2945/ 4000] elapsed 28890s eta 10352s  n=1333 cb run4
[ 2946/ 4000] elapsed 28900s eta 10343s  n=1378 cb run4
[ 2947/ 4000] elapsed 28910s eta 10333s  n=1424 cb run4
[ 2948/ 4000] elapsed 28920s eta 10323s  n=1472 cb run4
[ 2949/ 4000] elapsed 28930s eta 10313s  n=1522 cb run4
[ 2950/ 4000] elapsed 28941s eta 10304s  n=1573 cb run4
[ 2951/ 4000] elapsed 28952s eta 10295s  n=1625 cb run4
[ 2952/ 4000] elapsed 28964s eta 10286s  n=1680 cb run4
[ 2953/ 4000] elapsed 28976s eta 10277s  n=1736 cb run4
[ 2954/ 4000] elapsed 28988s eta 10268s  n=1795 cb run4
[ 2955/ 4000] elapsed 29001s eta 10259s  n=1855 cb run4
[ 2956/ 4000] elapsed 29014s eta 10250s  n=1917 cb run4
[ 2957/ 4000] elapsed 29028s eta 10242s  n=1982 cb run4
[ 2958/ 4000] elapsed 29042s eta 10233s  n=2048 cb run4
[ 2959/ 4000] elapsed 29057s eta 10225s  n=2117 cb run4
[ 2960/ 4000] elapsed 29072s eta 10217s  n=2188 cb run4
[ 2961/ 4000] elapsed 29088s eta 10210s  n=2261 cb run4
[ 2962/ 4000] elapsed 29105s eta 10202s  n=2337 cb run4
[ 2963/ 4000] elapsed 29122s eta 10195s  n=2415 cb run4
[ 2964/ 4000] elapsed 29139s eta 10188s  n=2497 cb run4
[ 2965/ 4000] elapsed 29157s eta 10181s  n=2580 cb run4
[ 2966/ 4000] elapsed 29176s eta 10174s  n=2667 cb run4
[ 2967/ 4000] elapsed 29196s eta 10168s  n=2756 cb run4
[ 2968/ 4000] elapsed 29216s eta 10162s  n=2849 cb run4
[ 2969/ 4000] elapsed 29237s eta 10156s  n=2945 cb run4
[ 2970/ 4000] elapsed 29259s eta 10150s  n=3043 cb run4
[ 2971/ 4000] elapsed 29281s eta 10144s  n=3145 cb run4
[ 2972/ 4000] elapsed 29304s eta 10139s  n=3251 cb run4
[ 2973/ 4000] elapsed 29329s eta 10134s  n=3360 cb run4
[ 2974/ 4000] elapsed 29354s eta 10130s  n=3473 cb run4
[ 2975/ 4000] elapsed 29380s eta 10125s  n=3589 cb run4
[ 2976/ 4000] elapsed 29407s eta 10121s  n=3710 cb run4
[ 2977/ 4000] elapsed 29436s eta 10118s  n=3834 cb run4
[ 2978/ 4000] elapsed 29465s eta 10115s  n=3963 cb run4
[ 2979/ 4000] elapsed 29495s eta 10112s  n=4096 cb run4
[ 2980/ 4000] elapsed 29527s eta 10109s  n=4233 cb run4
[ 2981/ 4000] elapsed 29560s eta 10107s  n=4376 cb run4
[ 2982/ 4000] elapsed 29595s eta 10106s  n=4522 cb run4
[ 2983/ 4000] elapsed 29631s eta 10105s  n=4674 cb run4
[ 2984/ 4000] elapsed 29669s eta 10105s  n=4831 cb run4
[ 2985/ 4000] elapsed 29708s eta 10105s  n=4993 cb run4
[ 2986/ 4000] elapsed 29750s eta 10106s  n=5161 cb run4
[ 2987/ 4000] elapsed 29793s eta 10107s  n=5334 cb run4
[ 2988/ 4000] elapsed 29838s eta 10109s  n=5513 cb run4
[ 2989/ 4000] elapsed 29885s eta 10111s  n=5698 cb run4
[ 2990/ 4000] elapsed 29935s eta 10115s  n=5889 cb run4
[ 2991/ 4000] elapsed 29986s eta 10119s  n=6087 cb run4
[ 2992/ 4000] elapsed 30040s eta 10123s  n=6291 cb run4
[ 2993/ 4000] elapsed 30096s eta 10129s  n=6502 cb run4
[ 2994/ 4000] elapsed 30154s eta 10135s  n=6720 cb run4
[ 2995/ 4000] elapsed 30215s eta 10142s  n=6946 cb run4
[ 2996/ 4000] elapsed 30279s eta 10150s  n=7179 cb run4
[ 2997/ 4000] elapsed 30346s eta 10159s  n=7420 cb run4
[ 2998/ 4000] elapsed 30414s eta 10168s  n=7669 cb run4
[ 2999/ 4000] elapsed 30486s eta 10178s  n=7926 cb run4
[ 3000/ 4000] elapsed 30561s eta 10190s  n=8192 cb run4
[ 3001/ 4000] elapsed 30639s eta 10202s  n=1    cs run4
[ 3002/ 4000] elapsed 30639s eta 10189s  n=2    cs run4
[ 3003/ 4000] elapsed 30639s eta 10175s  n=3    cs run4
[ 3004/ 4000] elapsed 30639s eta 10161s  n=4    cs run4
[ 3005/ 4000] elapsed 30639s eta 10148s  n=5    cs run4
[ 3006/ 4000] elapsed 30639s eta 10134s  n=6    cs run4
[ 3007/ 4000] elapsed 30640s eta 10121s  n=7    cs run4
[ 3008/ 4000] elapsed 30640s eta 10108s  n=8    cs run4
[ 3009/ 4000] elapsed 30640s eta 10094s  n=9    cs run4
[ 3010/ 4000] elapsed 30640s eta 10080s  n=10   cs run4
[ 3011/ 4000] elapsed 30640s eta 10067s  n=11   cs run4
[ 3012/ 4000] elapsed 30640s eta 10053s  n=12   cs run4
[ 3013/ 4000] elapsed 30640s eta 10040s  n=13   cs run4
[ 3014/ 4000] elapsed 30640s eta 10026s  n=14   cs run4
[ 3015/ 4000] elapsed 30640s eta 10013s  n=15   cs run4
[ 3016/ 4000] elapsed 30640s eta  9999s  n=16   cs run4
[ 3017/ 4000] elapsed 30640s eta  9986s  n=17   cs run4
[ 3018/ 4000] elapsed 30640s eta  9972s  n=18   cs run4
[ 3019/ 4000] elapsed 30641s eta  9959s  n=19   cs run4
[ 3020/ 4000] elapsed 30641s eta  9946s  n=20   cs run4
[ 3021/ 4000] elapsed 30641s eta  9932s  n=21   cs run4
[ 3022/ 4000] elapsed 30641s eta  9919s  n=22   cs run4
[ 3023/ 4000] elapsed 30641s eta  9906s  n=23   cs run4
[ 3024/ 4000] elapsed 30641s eta  9892s  n=24   cs run4
[ 3025/ 4000] elapsed 30641s eta  9879s  n=25   cs run4
[ 3026/ 4000] elapsed 30641s eta  9865s  n=26   cs run4
[ 3027/ 4000] elapsed 30642s eta  9852s  n=27   cs run4
[ 3028/ 4000] elapsed 30642s eta  9839s  n=28   cs run4
[ 3029/ 4000] elapsed 30642s eta  9826s  n=29   cs run4
[ 3030/ 4000] elapsed 30642s eta  9812s  n=30   cs run4
[ 3031/ 4000] elapsed 30642s eta  9799s  n=31   cs run4
[ 3032/ 4000] elapsed 30642s eta  9786s  n=32   cs run4
[ 3033/ 4000] elapsed 30643s eta  9773s  n=33   cs run4
[ 3034/ 4000] elapsed 30643s eta  9759s  n=34   cs run4
[ 3035/ 4000] elapsed 30643s eta  9746s  n=35   cs run4
[ 3036/ 4000] elapsed 30643s eta  9733s  n=37   cs run4
[ 3037/ 4000] elapsed 30644s eta  9720s  n=38   cs run4
[ 3038/ 4000] elapsed 30644s eta  9706s  n=39   cs run4
[ 3039/ 4000] elapsed 30644s eta  9693s  n=40   cs run4
[ 3040/ 4000] elapsed 30644s eta  9680s  n=42   cs run4
[ 3041/ 4000] elapsed 30644s eta  9666s  n=43   cs run4
[ 3042/ 4000] elapsed 30645s eta  9654s  n=45   cs run4
[ 3043/ 4000] elapsed 30645s eta  9640s  n=46   cs run4
[ 3044/ 4000] elapsed 30645s eta  9627s  n=48   cs run4
[ 3045/ 4000] elapsed 30646s eta  9614s  n=49   cs run4
[ 3046/ 4000] elapsed 30646s eta  9601s  n=51   cs run4
[ 3047/ 4000] elapsed 30646s eta  9588s  n=53   cs run4
[ 3048/ 4000] elapsed 30646s eta  9574s  n=54   cs run4
[ 3049/ 4000] elapsed 30647s eta  9562s  n=56   cs run4
[ 3050/ 4000] elapsed 30647s eta  9548s  n=58   cs run4
[ 3051/ 4000] elapsed 30647s eta  9535s  n=60   cs run4
[ 3052/ 4000] elapsed 30648s eta  9522s  n=62   cs run4
[ 3053/ 4000] elapsed 30648s eta  9509s  n=64   cs run4
[ 3054/ 4000] elapsed 30649s eta  9496s  n=66   cs run4
[ 3055/ 4000] elapsed 30649s eta  9483s  n=68   cs run4
[ 3056/ 4000] elapsed 30649s eta  9470s  n=71   cs run4
[ 3057/ 4000] elapsed 30650s eta  9457s  n=73   cs run4
[ 3058/ 4000] elapsed 30650s eta  9444s  n=75   cs run4
[ 3059/ 4000] elapsed 30651s eta  9431s  n=78   cs run4
[ 3060/ 4000] elapsed 30651s eta  9418s  n=81   cs run4
[ 3061/ 4000] elapsed 30652s eta  9405s  n=83   cs run4
[ 3062/ 4000] elapsed 30652s eta  9392s  n=86   cs run4
[ 3063/ 4000] elapsed 30653s eta  9380s  n=89   cs run4
[ 3064/ 4000] elapsed 30653s eta  9367s  n=92   cs run4
[ 3065/ 4000] elapsed 30654s eta  9354s  n=95   cs run4
[ 3066/ 4000] elapsed 30654s eta  9341s  n=98   cs run4
[ 3067/ 4000] elapsed 30655s eta  9328s  n=102  cs run4
[ 3068/ 4000] elapsed 30656s eta  9315s  n=105  cs run4
[ 3069/ 4000] elapsed 30656s eta  9302s  n=109  cs run4
[ 3070/ 4000] elapsed 30657s eta  9290s  n=112  cs run4
[ 3071/ 4000] elapsed 30658s eta  9277s  n=116  cs run4
[ 3072/ 4000] elapsed 30658s eta  9264s  n=120  cs run4
[ 3073/ 4000] elapsed 30659s eta  9251s  n=124  cs run4
[ 3074/ 4000] elapsed 30660s eta  9238s  n=128  cs run4
[ 3075/ 4000] elapsed 30661s eta  9226s  n=132  cs run4
[ 3076/ 4000] elapsed 30661s eta  9213s  n=137  cs run4
[ 3077/ 4000] elapsed 30662s eta  9200s  n=141  cs run4
[ 3078/ 4000] elapsed 30663s eta  9187s  n=146  cs run4
[ 3079/ 4000] elapsed 30664s eta  9175s  n=151  cs run4
[ 3080/ 4000] elapsed 30665s eta  9162s  n=156  cs run4
[ 3081/ 4000] elapsed 30666s eta  9150s  n=161  cs run4
[ 3082/ 4000] elapsed 30667s eta  9137s  n=167  cs run4
[ 3083/ 4000] elapsed 30668s eta  9124s  n=172  cs run4
[ 3084/ 4000] elapsed 30669s eta  9112s  n=178  cs run4
[ 3085/ 4000] elapsed 30670s eta  9099s  n=184  cs run4
[ 3086/ 4000] elapsed 30671s eta  9086s  n=190  cs run4
[ 3087/ 4000] elapsed 30672s eta  9074s  n=197  cs run4
[ 3088/ 4000] elapsed 30674s eta  9062s  n=203  cs run4
[ 3089/ 4000] elapsed 30675s eta  9049s  n=210  cs run4
[ 3090/ 4000] elapsed 30676s eta  9036s  n=217  cs run4
[ 3091/ 4000] elapsed 30678s eta  9024s  n=224  cs run4
[ 3092/ 4000] elapsed 30679s eta  9012s  n=232  cs run4
[ 3093/ 4000] elapsed 30681s eta  8999s  n=240  cs run4
[ 3094/ 4000] elapsed 30682s eta  8987s  n=248  cs run4
[ 3095/ 4000] elapsed 30684s eta  8975s  n=256  cs run4
[ 3096/ 4000] elapsed 30685s eta  8962s  n=265  cs run4
[ 3097/ 4000] elapsed 30687s eta  8950s  n=273  cs run4
[ 3098/ 4000] elapsed 30689s eta  8938s  n=283  cs run4
[ 3099/ 4000] elapsed 30690s eta  8925s  n=292  cs run4
[ 3100/ 4000] elapsed 30692s eta  8913s  n=302  cs run4
[ 3101/ 4000] elapsed 30694s eta  8901s  n=312  cs run4
[ 3102/ 4000] elapsed 30696s eta  8889s  n=323  cs run4
[ 3103/ 4000] elapsed 30698s eta  8876s  n=333  cs run4
[ 3104/ 4000] elapsed 30700s eta  8864s  n=345  cs run4
[ 3105/ 4000] elapsed 30702s eta  8852s  n=356  cs run4
[ 3106/ 4000] elapsed 30705s eta  8840s  n=368  cs run4
[ 3107/ 4000] elapsed 30707s eta  8828s  n=380  cs run4
[ 3108/ 4000] elapsed 30709s eta  8816s  n=393  cs run4
[ 3109/ 4000] elapsed 30712s eta  8804s  n=406  cs run4
[ 3110/ 4000] elapsed 30715s eta  8792s  n=420  cs run4
[ 3111/ 4000] elapsed 30717s eta  8780s  n=434  cs run4
[ 3112/ 4000] elapsed 30720s eta  8768s  n=449  cs run4
[ 3113/ 4000] elapsed 30723s eta  8756s  n=464  cs run4
[ 3114/ 4000] elapsed 30726s eta  8745s  n=479  cs run4
[ 3115/ 4000] elapsed 30729s eta  8733s  n=495  cs run4
[ 3116/ 4000] elapsed 30732s eta  8721s  n=512  cs run4
[ 3117/ 4000] elapsed 30735s eta  8709s  n=529  cs run4
[ 3118/ 4000] elapsed 30739s eta  8698s  n=547  cs run4
[ 3119/ 4000] elapsed 30743s eta  8686s  n=565  cs run4
[ 3120/ 4000] elapsed 30747s eta  8675s  n=584  cs run4
[ 3121/ 4000] elapsed 30751s eta  8663s  n=604  cs run4
[ 3122/ 4000] elapsed 30755s eta  8651s  n=624  cs run4
[ 3123/ 4000] elapsed 30759s eta  8640s  n=645  cs run4
[ 3124/ 4000] elapsed 30763s eta  8629s  n=667  cs run4
[ 3125/ 4000] elapsed 30768s eta  8617s  n=689  cs run4
[ 3126/ 4000] elapsed 30773s eta  8606s  n=712  cs run4
[ 3127/ 4000] elapsed 30778s eta  8595s  n=736  cs run4
[ 3128/ 4000] elapsed 30783s eta  8584s  n=761  cs run4
[ 3129/ 4000] elapsed 30788s eta  8573s  n=786  cs run4
[ 3130/ 4000] elapsed 30793s eta  8561s  n=813  cs run4
[ 3131/ 4000] elapsed 30799s eta  8550s  n=840  cs run4
[ 3132/ 4000] elapsed 30805s eta  8540s  n=868  cs run4
[ 3133/ 4000] elapsed 30811s eta  8529s  n=897  cs run4
[ 3134/ 4000] elapsed 30817s eta  8518s  n=927  cs run4
[ 3135/ 4000] elapsed 30824s eta  8507s  n=959  cs run4
[ 3136/ 4000] elapsed 30830s eta  8496s  n=991  cs run4
[ 3137/ 4000] elapsed 30837s eta  8486s  n=1024 cs run4
[ 3138/ 4000] elapsed 30844s eta  8475s  n=1058 cs run4
[ 3139/ 4000] elapsed 30852s eta  8465s  n=1094 cs run4
[ 3140/ 4000] elapsed 30859s eta  8454s  n=1131 cs run4
[ 3141/ 4000] elapsed 30867s eta  8444s  n=1169 cs run4
[ 3142/ 4000] elapsed 30875s eta  8433s  n=1208 cs run4
[ 3143/ 4000] elapsed 30884s eta  8423s  n=1248 cs run4
[ 3144/ 4000] elapsed 30893s eta  8413s  n=1290 cs run4
[ 3145/ 4000] elapsed 30902s eta  8403s  n=1333 cs run4
[ 3146/ 4000] elapsed 30912s eta  8393s  n=1378 cs run4
[ 3147/ 4000] elapsed 30921s eta  8383s  n=1424 cs run4
[ 3148/ 4000] elapsed 30932s eta  8374s  n=1472 cs run4
[ 3149/ 4000] elapsed 30942s eta  8364s  n=1522 cs run4
[ 3150/ 4000] elapsed 30953s eta  8355s  n=1573 cs run4
[ 3151/ 4000] elapsed 30965s eta  8345s  n=1625 cs run4
[ 3152/ 4000] elapsed 30976s eta  8336s  n=1680 cs run4
[ 3153/ 4000] elapsed 30988s eta  8327s  n=1736 cs run4
[ 3154/ 4000] elapsed 31001s eta  8318s  n=1795 cs run4
[ 3155/ 4000] elapsed 31014s eta  8309s  n=1855 cs run4
[ 3156/ 4000] elapsed 31027s eta  8300s  n=1917 cs run4
[ 3157/ 4000] elapsed 31041s eta  8291s  n=1982 cs run4
[ 3158/ 4000] elapsed 31055s eta  8282s  n=2048 cs run4
[ 3159/ 4000] elapsed 31070s eta  8274s  n=2117 cs run4
[ 3160/ 4000] elapsed 31085s eta  8265s  n=2188 cs run4
[ 3161/ 4000] elapsed 31101s eta  8257s  n=2261 cs run4
[ 3162/ 4000] elapsed 31117s eta  8249s  n=2337 cs run4
[ 3163/ 4000] elapsed 31134s eta  8241s  n=2415 cs run4
[ 3164/ 4000] elapsed 31152s eta  8233s  n=2497 cs run4
[ 3165/ 4000] elapsed 31170s eta  8225s  n=2580 cs run4
[ 3166/ 4000] elapsed 31189s eta  8218s  n=2667 cs run4
[ 3167/ 4000] elapsed 31209s eta  8211s  n=2756 cs run4
[ 3168/ 4000] elapsed 31229s eta  8204s  n=2849 cs run4
[ 3169/ 4000] elapsed 31250s eta  8197s  n=2945 cs run4
[ 3170/ 4000] elapsed 31272s eta  8190s  n=3043 cs run4
[ 3171/ 4000] elapsed 31294s eta  8183s  n=3145 cs run4
[ 3172/ 4000] elapsed 31318s eta  8177s  n=3251 cs run4
[ 3173/ 4000] elapsed 31342s eta  8171s  n=3360 cs run4
[ 3174/ 4000] elapsed 31367s eta  8165s  n=3473 cs run4
[ 3175/ 4000] elapsed 31393s eta  8159s  n=3589 cs run4
[ 3176/ 4000] elapsed 31420s eta  8154s  n=3710 cs run4
[ 3177/ 4000] elapsed 31449s eta  8149s  n=3834 cs run4
[ 3178/ 4000] elapsed 31478s eta  8144s  n=3963 cs run4
[ 3179/ 4000] elapsed 31509s eta  8139s  n=4096 cs run4
[ 3180/ 4000] elapsed 31540s eta  8135s  n=4233 cs run4
[ 3181/ 4000] elapsed 31574s eta  8131s  n=4376 cs run4
[ 3182/ 4000] elapsed 31609s eta  8128s  n=4522 cs run4
[ 3183/ 4000] elapsed 31646s eta  8125s  n=4674 cs run4
[ 3184/ 4000] elapsed 31683s eta  8122s  n=4831 cs run4
[ 3185/ 4000] elapsed 31723s eta  8120s  n=4993 cs run4
[ 3186/ 4000] elapsed 31764s eta  8118s  n=5161 cs run4
[ 3187/ 4000] elapsed 31808s eta  8116s  n=5334 cs run4
[ 3188/ 4000] elapsed 31853s eta  8115s  n=5513 cs run4
[ 3189/ 4000] elapsed 31900s eta  8115s  n=5698 cs run4
[ 3190/ 4000] elapsed 31950s eta  8115s  n=5889 cs run4
[ 3191/ 4000] elapsed 32001s eta  8115s  n=6087 cs run4
[ 3192/ 4000] elapsed 32055s eta  8116s  n=6291 cs run4
[ 3193/ 4000] elapsed 32110s eta  8118s  n=6502 cs run4
[ 3194/ 4000] elapsed 32169s eta  8120s  n=6720 cs run4
[ 3195/ 4000] elapsed 32230s eta  8123s  n=6946 cs run4
[ 3196/ 4000] elapsed 32293s eta  8126s  n=7179 cs run4
[ 3197/ 4000] elapsed 32359s eta  8130s  n=7420 cs run4
[ 3198/ 4000] elapsed 32428s eta  8134s  n=7669 cs run4
[ 3199/ 4000] elapsed 32500s eta  8140s  n=7926 cs run4
[ 3200/ 4000] elapsed 32574s eta  8146s  n=8192 cs run4
[ 3201/ 4000] elapsed 32652s eta  8152s  n=1    hb run5
[ 3202/ 4000] elapsed 32652s eta  8140s  n=2    hb run5
[ 3203/ 4000] elapsed 32652s eta  8127s  n=3    hb run5
[ 3204/ 4000] elapsed 32652s eta  8114s  n=4    hb run5
[ 3205/ 4000] elapsed 32652s eta  8101s  n=5    hb run5
[ 3206/ 4000] elapsed 32652s eta  8089s  n=6    hb run5
[ 3207/ 4000] elapsed 32652s eta  8076s  n=7    hb run5
[ 3208/ 4000] elapsed 32652s eta  8063s  n=8    hb run5
[ 3209/ 4000] elapsed 32652s eta  8051s  n=9    hb run5
[ 3210/ 4000] elapsed 32653s eta  8038s  n=10   hb run5
[ 3211/ 4000] elapsed 32653s eta  8025s  n=11   hb run5
[ 3212/ 4000] elapsed 32653s eta  8013s  n=12   hb run5
[ 3213/ 4000] elapsed 32653s eta  8000s  n=13   hb run5
[ 3214/ 4000] elapsed 32653s eta  7987s  n=14   hb run5
[ 3215/ 4000] elapsed 32653s eta  7975s  n=15   hb run5
[ 3216/ 4000] elapsed 32653s eta  7962s  n=16   hb run5
[ 3217/ 4000] elapsed 32653s eta  7950s  n=17   hb run5
[ 3218/ 4000] elapsed 32653s eta  7937s  n=18   hb run5
[ 3219/ 4000] elapsed 32653s eta  7924s  n=19   hb run5
[ 3220/ 4000] elapsed 32653s eta  7912s  n=20   hb run5
[ 3221/ 4000] elapsed 32653s eta  7899s  n=21   hb run5
[ 3222/ 4000] elapsed 32654s eta  7887s  n=22   hb run5
[ 3223/ 4000] elapsed 32654s eta  7874s  n=23   hb run5
[ 3224/ 4000] elapsed 32654s eta  7862s  n=24   hb run5
[ 3225/ 4000] elapsed 32654s eta  7849s  n=25   hb run5
[ 3226/ 4000] elapsed 32654s eta  7836s  n=26   hb run5
[ 3227/ 4000] elapsed 32654s eta  7824s  n=27   hb run5
[ 3228/ 4000] elapsed 32654s eta  7811s  n=28   hb run5
[ 3229/ 4000] elapsed 32654s eta  7799s  n=29   hb run5
[ 3230/ 4000] elapsed 32655s eta  7787s  n=30   hb run5
[ 3231/ 4000] elapsed 32655s eta  7774s  n=31   hb run5
[ 3232/ 4000] elapsed 32655s eta  7762s  n=32   hb run5
[ 3233/ 4000] elapsed 32655s eta  7749s  n=33   hb run5
[ 3234/ 4000] elapsed 32655s eta  7737s  n=34   hb run5
[ 3235/ 4000] elapsed 32656s eta  7724s  n=35   hb run5
[ 3236/ 4000] elapsed 32656s eta  7712s  n=37   hb run5
[ 3237/ 4000] elapsed 32656s eta  7699s  n=38   hb run5
[ 3238/ 4000] elapsed 32656s eta  7687s  n=39   hb run5
[ 3239/ 4000] elapsed 32656s eta  7674s  n=40   hb run5
[ 3240/ 4000] elapsed 32657s eta  7662s  n=42   hb run5
[ 3241/ 4000] elapsed 32657s eta  7650s  n=43   hb run5
[ 3242/ 4000] elapsed 32657s eta  7637s  n=45   hb run5
[ 3243/ 4000] elapsed 32657s eta  7625s  n=46   hb run5
[ 3244/ 4000] elapsed 32658s eta  7613s  n=48   hb run5
[ 3245/ 4000] elapsed 32658s eta  7600s  n=49   hb run5
[ 3246/ 4000] elapsed 32658s eta  7588s  n=51   hb run5
[ 3247/ 4000] elapsed 32658s eta  7575s  n=53   hb run5
[ 3248/ 4000] elapsed 32659s eta  7563s  n=54   hb run5
[ 3249/ 4000] elapsed 32659s eta  7551s  n=56   hb run5
[ 3250/ 4000] elapsed 32659s eta  7539s  n=58   hb run5
[ 3251/ 4000] elapsed 32660s eta  7526s  n=60   hb run5
[ 3252/ 4000] elapsed 32660s eta  7514s  n=62   hb run5
[ 3253/ 4000] elapsed 32660s eta  7502s  n=64   hb run5
[ 3254/ 4000] elapsed 32661s eta  7490s  n=66   hb run5
[ 3255/ 4000] elapsed 32661s eta  7477s  n=68   hb run5
[ 3256/ 4000] elapsed 32661s eta  7465s  n=71   hb run5
[ 3257/ 4000] elapsed 32662s eta  7453s  n=73   hb run5
[ 3258/ 4000] elapsed 32662s eta  7440s  n=75   hb run5
[ 3259/ 4000] elapsed 32663s eta  7428s  n=78   hb run5
[ 3260/ 4000] elapsed 32663s eta  7416s  n=81   hb run5
[ 3261/ 4000] elapsed 32664s eta  7404s  n=83   hb run5
[ 3262/ 4000] elapsed 32664s eta  7392s  n=86   hb run5
[ 3263/ 4000] elapsed 32665s eta  7380s  n=89   hb run5
[ 3264/ 4000] elapsed 32665s eta  7367s  n=92   hb run5
[ 3265/ 4000] elapsed 32666s eta  7355s  n=95   hb run5
[ 3266/ 4000] elapsed 32666s eta  7343s  n=98   hb run5
[ 3267/ 4000] elapsed 32667s eta  7331s  n=102  hb run5
[ 3268/ 4000] elapsed 32667s eta  7319s  n=105  hb run5
[ 3269/ 4000] elapsed 32668s eta  7307s  n=109  hb run5
[ 3270/ 4000] elapsed 32669s eta  7295s  n=112  hb run5
[ 3271/ 4000] elapsed 32669s eta  7283s  n=116  hb run5
[ 3272/ 4000] elapsed 32670s eta  7271s  n=120  hb run5
[ 3273/ 4000] elapsed 32671s eta  7259s  n=124  hb run5
[ 3274/ 4000] elapsed 32672s eta  7247s  n=128  hb run5
[ 3275/ 4000] elapsed 32672s eta  7234s  n=132  hb run5
[ 3276/ 4000] elapsed 32673s eta  7222s  n=137  hb run5
[ 3277/ 4000] elapsed 32674s eta  7211s  n=141  hb run5
[ 3278/ 4000] elapsed 32675s eta  7199s  n=146  hb run5
[ 3279/ 4000] elapsed 32676s eta  7187s  n=151  hb run5
[ 3280/ 4000] elapsed 32677s eta  7175s  n=156  hb run5
[ 3281/ 4000] elapsed 32678s eta  7163s  n=161  hb run5
[ 3282/ 4000] elapsed 32678s eta  7151s  n=167  hb run5
[ 3283/ 4000] elapsed 32679s eta  7139s  n=172  hb run5
[ 3284/ 4000] elapsed 32681s eta  7127s  n=178  hb run5
[ 3285/ 4000] elapsed 32682s eta  7115s  n=184  hb run5
[ 3286/ 4000] elapsed 32683s eta  7103s  n=190  hb run5
[ 3287/ 4000] elapsed 32684s eta  7091s  n=197  hb run5
[ 3288/ 4000] elapsed 32685s eta  7079s  n=203  hb run5
[ 3289/ 4000] elapsed 32686s eta  7068s  n=210  hb run5
[ 3290/ 4000] elapsed 32688s eta  7056s  n=217  hb run5
[ 3291/ 4000] elapsed 32689s eta  7044s  n=224  hb run5
[ 3292/ 4000] elapsed 32690s eta  7032s  n=232  hb run5
[ 3293/ 4000] elapsed 32692s eta  7021s  n=240  hb run5
[ 3294/ 4000] elapsed 32693s eta  7009s  n=248  hb run5
[ 3295/ 4000] elapsed 32695s eta  6997s  n=256  hb run5
[ 3296/ 4000] elapsed 32697s eta  6985s  n=265  hb run5
[ 3297/ 4000] elapsed 32698s eta  6974s  n=273  hb run5
[ 3298/ 4000] elapsed 32700s eta  6962s  n=283  hb run5
[ 3299/ 4000] elapsed 32702s eta  6950s  n=292  hb run5
[ 3300/ 4000] elapsed 32704s eta  6939s  n=302  hb run5
[ 3301/ 4000] elapsed 32705s eta  6927s  n=312  hb run5
[ 3302/ 4000] elapsed 32707s eta  6915s  n=323  hb run5
[ 3303/ 4000] elapsed 32710s eta  6904s  n=333  hb run5
[ 3304/ 4000] elapsed 32712s eta  6892s  n=345  hb run5
[ 3305/ 4000] elapsed 32714s eta  6881s  n=356  hb run5
[ 3306/ 4000] elapsed 32716s eta  6869s  n=368  hb run5
[ 3307/ 4000] elapsed 32719s eta  6858s  n=380  hb run5
[ 3308/ 4000] elapsed 32721s eta  6846s  n=393  hb run5
[ 3309/ 4000] elapsed 32723s eta  6835s  n=406  hb run5
[ 3310/ 4000] elapsed 32726s eta  6824s  n=420  hb run5
[ 3311/ 4000] elapsed 32729s eta  6812s  n=434  hb run5
[ 3312/ 4000] elapsed 32732s eta  6801s  n=449  hb run5
[ 3313/ 4000] elapsed 32734s eta  6789s  n=464  hb run5
[ 3314/ 4000] elapsed 32737s eta  6778s  n=479  hb run5
[ 3315/ 4000] elapsed 32740s eta  6767s  n=495  hb run5
[ 3316/ 4000] elapsed 32744s eta  6756s  n=512  hb run5
[ 3317/ 4000] elapsed 32747s eta  6744s  n=529  hb run5
[ 3318/ 4000] elapsed 32751s eta  6733s  n=547  hb run5
[ 3319/ 4000] elapsed 32754s eta  6722s  n=565  hb run5
[ 3320/ 4000] elapsed 32758s eta  6711s  n=584  hb run5
[ 3321/ 4000] elapsed 32762s eta  6700s  n=604  hb run5
[ 3322/ 4000] elapsed 32766s eta  6689s  n=624  hb run5
[ 3323/ 4000] elapsed 32771s eta  6678s  n=645  hb run5
[ 3324/ 4000] elapsed 32775s eta  6667s  n=667  hb run5
[ 3325/ 4000] elapsed 32780s eta  6656s  n=689  hb run5
[ 3326/ 4000] elapsed 32785s eta  6645s  n=712  hb run5
[ 3327/ 4000] elapsed 32790s eta  6634s  n=736  hb run5
[ 3328/ 4000] elapsed 32795s eta  6624s  n=761  hb run5
[ 3329/ 4000] elapsed 32800s eta  6613s  n=786  hb run5
[ 3330/ 4000] elapsed 32806s eta  6602s  n=813  hb run5
[ 3331/ 4000] elapsed 32811s eta  6591s  n=840  hb run5
[ 3332/ 4000] elapsed 32817s eta  6581s  n=868  hb run5
[ 3333/ 4000] elapsed 32823s eta  6570s  n=897  hb run5
[ 3334/ 4000] elapsed 32829s eta  6559s  n=927  hb run5
[ 3335/ 4000] elapsed 32836s eta  6549s  n=959  hb run5
[ 3336/ 4000] elapsed 32843s eta  6539s  n=991  hb run5
[ 3337/ 4000] elapsed 32850s eta  6528s  n=1024 hb run5
[ 3338/ 4000] elapsed 32857s eta  6518s  n=1058 hb run5
[ 3339/ 4000] elapsed 32865s eta  6508s  n=1094 hb run5
[ 3340/ 4000] elapsed 32873s eta  6497s  n=1131 hb run5
[ 3341/ 4000] elapsed 32882s eta  6487s  n=1169 hb run5
[ 3342/ 4000] elapsed 32891s eta  6477s  n=1208 hb run5
[ 3343/ 4000] elapsed 32901s eta  6467s  n=1248 hb run5
[ 3344/ 4000] elapsed 32910s eta  6457s  n=1290 hb run5
[ 3345/ 4000] elapsed 32920s eta  6448s  n=1333 hb run5
[ 3346/ 4000] elapsed 32929s eta  6438s  n=1378 hb run5
[ 3347/ 4000] elapsed 32939s eta  6428s  n=1424 hb run5
[ 3348/ 4000] elapsed 32950s eta  6418s  n=1472 hb run5
[ 3349/ 4000] elapsed 32961s eta  6409s  n=1522 hb run5
[ 3350/ 4000] elapsed 32972s eta  6399s  n=1573 hb run5
[ 3351/ 4000] elapsed 32984s eta  6390s  n=1625 hb run5
[ 3352/ 4000] elapsed 32996s eta  6380s  n=1680 hb run5
[ 3353/ 4000] elapsed 33008s eta  6371s  n=1736 hb run5
[ 3354/ 4000] elapsed 33021s eta  6361s  n=1795 hb run5
[ 3355/ 4000] elapsed 33034s eta  6352s  n=1855 hb run5
[ 3356/ 4000] elapsed 33048s eta  6343s  n=1917 hb run5
[ 3357/ 4000] elapsed 33062s eta  6334s  n=1982 hb run5
[ 3358/ 4000] elapsed 33077s eta  6325s  n=2048 hb run5
[ 3359/ 4000] elapsed 33092s eta  6316s  n=2117 hb run5
[ 3360/ 4000] elapsed 33108s eta  6308s  n=2188 hb run5
[ 3361/ 4000] elapsed 33124s eta  6299s  n=2261 hb run5
[ 3362/ 4000] elapsed 33141s eta  6290s  n=2337 hb run5
[ 3363/ 4000] elapsed 33159s eta  6282s  n=2415 hb run5
[ 3364/ 4000] elapsed 33177s eta  6274s  n=2497 hb run5
[ 3365/ 4000] elapsed 33196s eta  6266s  n=2580 hb run5
[ 3366/ 4000] elapsed 33216s eta  6258s  n=2667 hb run5
[ 3367/ 4000] elapsed 33236s eta  6250s  n=2756 hb run5
[ 3368/ 4000] elapsed 33257s eta  6242s  n=2849 hb run5
[ 3369/ 4000] elapsed 33279s eta  6234s  n=2945 hb run5
[ 3370/ 4000] elapsed 33301s eta  6227s  n=3043 hb run5
[ 3371/ 4000] elapsed 33324s eta  6219s  n=3145 hb run5
[ 3372/ 4000] elapsed 33348s eta  6212s  n=3251 hb run5
[ 3373/ 4000] elapsed 33373s eta  6205s  n=3360 hb run5
[ 3374/ 4000] elapsed 33401s eta  6198s  n=3473 hb run5
[ 3375/ 4000] elapsed 33427s eta  6192s  n=3589 hb run5
[ 3376/ 4000] elapsed 33455s eta  6185s  n=3710 hb run5
[ 3377/ 4000] elapsed 33485s eta  6179s  n=3834 hb run5
[ 3378/ 4000] elapsed 33515s eta  6173s  n=3963 hb run5
[ 3379/ 4000] elapsed 33546s eta  6166s  n=4096 hb run5
[ 3380/ 4000] elapsed 33578s eta  6161s  n=4233 hb run5
[ 3381/ 4000] elapsed 33613s eta  6155s  n=4376 hb run5
[ 3382/ 4000] elapsed 33651s eta  6150s  n=4522 hb run5
[ 3383/ 4000] elapsed 33690s eta  6146s  n=4674 hb run5
[ 3384/ 4000] elapsed 33732s eta  6142s  n=4831 hb run5
[ 3385/ 4000] elapsed 33775s eta  6138s  n=4993 hb run5
[ 3386/ 4000] elapsed 33821s eta  6134s  n=5161 hb run5
[ 3387/ 4000] elapsed 33867s eta  6131s  n=5334 hb run5
[ 3388/ 4000] elapsed 33916s eta  6128s  n=5513 hb run5
[ 3389/ 4000] elapsed 33967s eta  6125s  n=5698 hb run5
[ 3390/ 4000] elapsed 34022s eta  6123s  n=5889 hb run5
[ 3391/ 4000] elapsed 34076s eta  6121s  n=6087 hb run5
[ 3392/ 4000] elapsed 34132s eta  6119s  n=6291 hb run5
[ 3393/ 4000] elapsed 34190s eta  6118s  n=6502 hb run5
[ 3394/ 4000] elapsed 34250s eta  6117s  n=6720 hb run5
[ 3395/ 4000] elapsed 34313s eta  6116s  n=6946 hb run5
[ 3396/ 4000] elapsed 34378s eta  6116s  n=7179 hb run5
[ 3397/ 4000] elapsed 34447s eta  6116s  n=7420 hb run5
[ 3398/ 4000] elapsed 34518s eta  6117s  n=7669 hb run5
[ 3399/ 4000] elapsed 34592s eta  6118s  n=7926 hb run5
[ 3400/ 4000] elapsed 34669s eta  6119s  n=8192 hb run5
[ 3401/ 4000] elapsed 34750s eta  6122s  n=1    hs run5
[ 3402/ 4000] elapsed 34750s eta  6110s  n=2    hs run5
[ 3403/ 4000] elapsed 34750s eta  6098s  n=3    hs run5
[ 3404/ 4000] elapsed 34750s eta  6086s  n=4    hs run5
[ 3405/ 4000] elapsed 34750s eta  6074s  n=5    hs run5
[ 3406/ 4000] elapsed 34750s eta  6062s  n=6    hs run5
[ 3407/ 4000] elapsed 34750s eta  6050s  n=7    hs run5
[ 3408/ 4000] elapsed 34750s eta  6038s  n=8    hs run5
[ 3409/ 4000] elapsed 34750s eta  6026s  n=9    hs run5
[ 3410/ 4000] elapsed 34750s eta  6014s  n=10   hs run5
[ 3411/ 4000] elapsed 34750s eta  6002s  n=11   hs run5
[ 3412/ 4000] elapsed 34750s eta  5990s  n=12   hs run5
[ 3413/ 4000] elapsed 34750s eta  5978s  n=13   hs run5
[ 3414/ 4000] elapsed 34750s eta  5966s  n=14   hs run5
[ 3415/ 4000] elapsed 34751s eta  5954s  n=15   hs run5
[ 3416/ 4000] elapsed 34751s eta  5942s  n=16   hs run5
[ 3417/ 4000] elapsed 34751s eta  5930s  n=17   hs run5
[ 3418/ 4000] elapsed 34751s eta  5918s  n=18   hs run5
[ 3419/ 4000] elapsed 34751s eta  5907s  n=19   hs run5
[ 3420/ 4000] elapsed 34751s eta  5895s  n=20   hs run5
[ 3421/ 4000] elapsed 34751s eta  5883s  n=21   hs run5
[ 3422/ 4000] elapsed 34751s eta  5871s  n=22   hs run5
[ 3423/ 4000] elapsed 34751s eta  5859s  n=23   hs run5
[ 3424/ 4000] elapsed 34751s eta  5847s  n=24   hs run5
[ 3425/ 4000] elapsed 34752s eta  5835s  n=25   hs run5
[ 3426/ 4000] elapsed 34752s eta  5824s  n=26   hs run5
[ 3427/ 4000] elapsed 34752s eta  5812s  n=27   hs run5
[ 3428/ 4000] elapsed 34752s eta  5800s  n=28   hs run5
[ 3429/ 4000] elapsed 34752s eta  5788s  n=29   hs run5
[ 3430/ 4000] elapsed 34752s eta  5776s  n=30   hs run5
[ 3431/ 4000] elapsed 34753s eta  5765s  n=31   hs run5
[ 3432/ 4000] elapsed 34753s eta  5753s  n=32   hs run5
[ 3433/ 4000] elapsed 34753s eta  5741s  n=33   hs run5
[ 3434/ 4000] elapsed 34753s eta  5729s  n=34   hs run5
[ 3435/ 4000] elapsed 34753s eta  5717s  n=35   hs run5
[ 3436/ 4000] elapsed 34753s eta  5706s  n=37   hs run5
[ 3437/ 4000] elapsed 34754s eta  5694s  n=38   hs run5
[ 3438/ 4000] elapsed 34754s eta  5682s  n=39   hs run5
[ 3439/ 4000] elapsed 34754s eta  5671s  n=40   hs run5
[ 3440/ 4000] elapsed 34754s eta  5659s  n=42   hs run5
[ 3441/ 4000] elapsed 34755s eta  5647s  n=43   hs run5
[ 3442/ 4000] elapsed 34755s eta  5635s  n=45   hs run5
[ 3443/ 4000] elapsed 34755s eta  5624s  n=46   hs run5
[ 3444/ 4000] elapsed 34755s eta  5612s  n=48   hs run5
[ 3445/ 4000] elapsed 34756s eta  5600s  n=49   hs run5
[ 3446/ 4000] elapsed 34756s eta  5589s  n=51   hs run5
[ 3447/ 4000] elapsed 34756s eta  5577s  n=53   hs run5
[ 3448/ 4000] elapsed 34757s eta  5565s  n=54   hs run5
[ 3449/ 4000] elapsed 34757s eta  5554s  n=56   hs run5
[ 3450/ 4000] elapsed 34757s eta  5542s  n=58   hs run5
[ 3451/ 4000] elapsed 34757s eta  5530s  n=60   hs run5
[ 3452/ 4000] elapsed 34758s eta  5519s  n=62   hs run5
[ 3453/ 4000] elapsed 34758s eta  5507s  n=64   hs run5
[ 3454/ 4000] elapsed 34759s eta  5496s  n=66   hs run5
[ 3455/ 4000] elapsed 34759s eta  5484s  n=68   hs run5
[ 3456/ 4000] elapsed 34759s eta  5472s  n=71   hs run5
[ 3457/ 4000] elapsed 34760s eta  5461s  n=73   hs run5
[ 3458/ 4000] elapsed 34760s eta  5449s  n=75   hs run5
[ 3459/ 4000] elapsed 34761s eta  5438s  n=78   hs run5
[ 3460/ 4000] elapsed 34761s eta  5426s  n=81   hs run5
[ 3461/ 4000] elapsed 34762s eta  5415s  n=83   hs run5
[ 3462/ 4000] elapsed 34762s eta  5403s  n=86   hs run5
[ 3463/ 4000] elapsed 34763s eta  5392s  n=89   hs run5
[ 3464/ 4000] elapsed 34763s eta  5380s  n=92   hs run5
[ 3465/ 4000] elapsed 34764s eta  5369s  n=95   hs run5
[ 3466/ 4000] elapsed 34764s eta  5357s  n=98   hs run5
[ 3467/ 4000] elapsed 34765s eta  5346s  n=102  hs run5
[ 3468/ 4000] elapsed 34765s eta  5334s  n=105  hs run5
[ 3469/ 4000] elapsed 34766s eta  5323s  n=109  hs run5
[ 3470/ 4000] elapsed 34767s eta  5311s  n=112  hs run5
[ 3471/ 4000] elapsed 34767s eta  5300s  n=116  hs run5
[ 3472/ 4000] elapsed 34768s eta  5288s  n=120  hs run5
[ 3473/ 4000] elapsed 34769s eta  5277s  n=124  hs run5
[ 3474/ 4000] elapsed 34769s eta  5265s  n=128  hs run5
[ 3475/ 4000] elapsed 34770s eta  5254s  n=132  hs run5
[ 3476/ 4000] elapsed 34771s eta  5243s  n=137  hs run5
[ 3477/ 4000] elapsed 34772s eta  5231s  n=141  hs run5
[ 3478/ 4000] elapsed 34773s eta  5220s  n=146  hs run5
[ 3479/ 4000] elapsed 34774s eta  5209s  n=151  hs run5
[ 3480/ 4000] elapsed 34775s eta  5197s  n=156  hs run5
[ 3481/ 4000] elapsed 34775s eta  5186s  n=161  hs run5
[ 3482/ 4000] elapsed 34776s eta  5174s  n=167  hs run5
[ 3483/ 4000] elapsed 34778s eta  5163s  n=172  hs run5
[ 3484/ 4000] elapsed 34779s eta  5152s  n=178  hs run5
[ 3485/ 4000] elapsed 34780s eta  5141s  n=184  hs run5
[ 3486/ 4000] elapsed 34781s eta  5129s  n=190  hs run5
[ 3487/ 4000] elapsed 34782s eta  5118s  n=197  hs run5
[ 3488/ 4000] elapsed 34783s eta  5107s  n=203  hs run5
[ 3489/ 4000] elapsed 34785s eta  5096s  n=210  hs run5
[ 3490/ 4000] elapsed 34786s eta  5084s  n=217  hs run5
[ 3491/ 4000] elapsed 34787s eta  5073s  n=224  hs run5
[ 3492/ 4000] elapsed 34789s eta  5062s  n=232  hs run5
[ 3493/ 4000] elapsed 34790s eta  5051s  n=240  hs run5
[ 3494/ 4000] elapsed 34792s eta  5040s  n=248  hs run5
[ 3495/ 4000] elapsed 34793s eta  5028s  n=256  hs run5
[ 3496/ 4000] elapsed 34795s eta  5017s  n=265  hs run5
[ 3497/ 4000] elapsed 34797s eta  5006s  n=273  hs run5
[ 3498/ 4000] elapsed 34798s eta  4995s  n=283  hs run5
[ 3499/ 4000] elapsed 34800s eta  4984s  n=292  hs run5
[ 3500/ 4000] elapsed 34802s eta  4973s  n=302  hs run5
[ 3501/ 4000] elapsed 34804s eta  4962s  n=312  hs run5
[ 3502/ 4000] elapsed 34806s eta  4950s  n=323  hs run5
[ 3503/ 4000] elapsed 34808s eta  4939s  n=333  hs run5
[ 3504/ 4000] elapsed 34810s eta  4928s  n=345  hs run5
[ 3505/ 4000] elapsed 34812s eta  4917s  n=356  hs run5
[ 3506/ 4000] elapsed 34815s eta  4906s  n=368  hs run5
[ 3507/ 4000] elapsed 34817s eta  4895s  n=380  hs run5
[ 3508/ 4000] elapsed 34820s eta  4884s  n=393  hs run5
[ 3509/ 4000] elapsed 34822s eta  4873s  n=406  hs run5
[ 3510/ 4000] elapsed 34825s eta  4862s  n=420  hs run5
[ 3511/ 4000] elapsed 34827s eta  4851s  n=434  hs run5
[ 3512/ 4000] elapsed 34830s eta  4841s  n=449  hs run5
[ 3513/ 4000] elapsed 34833s eta  4830s  n=464  hs run5
[ 3514/ 4000] elapsed 34836s eta  4819s  n=479  hs run5
[ 3515/ 4000] elapsed 34839s eta  4808s  n=495  hs run5
[ 3516/ 4000] elapsed 34843s eta  4797s  n=512  hs run5
[ 3517/ 4000] elapsed 34846s eta  4786s  n=529  hs run5
[ 3518/ 4000] elapsed 34850s eta  4776s  n=547  hs run5
[ 3519/ 4000] elapsed 34853s eta  4765s  n=565  hs run5
[ 3520/ 4000] elapsed 34857s eta  4754s  n=584  hs run5
[ 3521/ 4000] elapsed 34862s eta  4744s  n=604  hs run5
[ 3522/ 4000] elapsed 34866s eta  4733s  n=624  hs run5
[ 3523/ 4000] elapsed 34870s eta  4722s  n=645  hs run5
[ 3524/ 4000] elapsed 34875s eta  4712s  n=667  hs run5
[ 3525/ 4000] elapsed 34879s eta  4701s  n=689  hs run5
[ 3526/ 4000] elapsed 34884s eta  4690s  n=712  hs run5
[ 3527/ 4000] elapsed 34889s eta  4680s  n=736  hs run5
[ 3528/ 4000] elapsed 34895s eta  4669s  n=761  hs run5
[ 3529/ 4000] elapsed 34900s eta  4659s  n=786  hs run5
[ 3530/ 4000] elapsed 34906s eta  4648s  n=813  hs run5
[ 3531/ 4000] elapsed 34911s eta  4638s  n=840  hs run5
[ 3532/ 4000] elapsed 34917s eta  4627s  n=868  hs run5
[ 3533/ 4000] elapsed 34924s eta  4617s  n=897  hs run5
[ 3534/ 4000] elapsed 34930s eta  4607s  n=927  hs run5
[ 3535/ 4000] elapsed 34937s eta  4596s  n=959  hs run5
[ 3536/ 4000] elapsed 34944s eta  4586s  n=991  hs run5
[ 3537/ 4000] elapsed 34951s eta  4576s  n=1024 hs run5
[ 3538/ 4000] elapsed 34958s eta  4566s  n=1058 hs run5
[ 3539/ 4000] elapsed 34966s eta  4556s  n=1094 hs run5
[ 3540/ 4000] elapsed 34974s eta  4545s  n=1131 hs run5
[ 3541/ 4000] elapsed 34982s eta  4535s  n=1169 hs run5
[ 3542/ 4000] elapsed 34990s eta  4525s  n=1208 hs run5
[ 3543/ 4000] elapsed 34999s eta  4515s  n=1248 hs run5
[ 3544/ 4000] elapsed 35008s eta  4505s  n=1290 hs run5
[ 3545/ 4000] elapsed 35018s eta  4495s  n=1333 hs run5
[ 3546/ 4000] elapsed 35027s eta  4485s  n=1378 hs run5
[ 3547/ 4000] elapsed 35038s eta  4476s  n=1424 hs run5
[ 3548/ 4000] elapsed 35048s eta  4466s  n=1472 hs run5
[ 3549/ 4000] elapsed 35059s eta  4456s  n=1522 hs run5
[ 3550/ 4000] elapsed 35070s eta  4446s  n=1573 hs run5
[ 3551/ 4000] elapsed 35082s eta  4437s  n=1625 hs run5
[ 3552/ 4000] elapsed 35094s eta  4427s  n=1680 hs run5
[ 3553/ 4000] elapsed 35106s eta  4417s  n=1736 hs run5
[ 3554/ 4000] elapsed 35119s eta  4408s  n=1795 hs run5
[ 3555/ 4000] elapsed 35132s eta  4398s  n=1855 hs run5
[ 3556/ 4000] elapsed 35146s eta  4389s  n=1917 hs run5
[ 3557/ 4000] elapsed 35160s eta  4380s  n=1982 hs run5
[ 3558/ 4000] elapsed 35175s eta  4370s  n=2048 hs run5
[ 3559/ 4000] elapsed 35191s eta  4361s  n=2117 hs run5
[ 3560/ 4000] elapsed 35206s eta  4352s  n=2188 hs run5
[ 3561/ 4000] elapsed 35223s eta  4343s  n=2261 hs run5
[ 3562/ 4000] elapsed 35240s eta  4334s  n=2337 hs run5
[ 3563/ 4000] elapsed 35258s eta  4325s  n=2415 hs run5
[ 3564/ 4000] elapsed 35276s eta  4316s  n=2497 hs run5
[ 3565/ 4000] elapsed 35295s eta  4307s  n=2580 hs run5
[ 3566/ 4000] elapsed 35314s eta  4299s  n=2667 hs run5
[ 3567/ 4000] elapsed 35335s eta  4290s  n=2756 hs run5
[ 3568/ 4000] elapsed 35356s eta  4281s  n=2849 hs run5
[ 3569/ 4000] elapsed 35377s eta  4273s  n=2945 hs run5
[ 3570/ 4000] elapsed 35400s eta  4265s  n=3043 hs run5
[ 3571/ 4000] elapsed 35423s eta  4256s  n=3145 hs run5
[ 3572/ 4000] elapsed 35447s eta  4248s  n=3251 hs run5
[ 3573/ 4000] elapsed 35472s eta  4240s  n=3360 hs run5
[ 3574/ 4000] elapsed 35498s eta  4232s  n=3473 hs run5
[ 3575/ 4000] elapsed 35525s eta  4224s  n=3589 hs run5
[ 3576/ 4000] elapsed 35553s eta  4216s  n=3710 hs run5
[ 3577/ 4000] elapsed 35582s eta  4208s  n=3834 hs run5
[ 3578/ 4000] elapsed 35612s eta  4201s  n=3963 hs run5
[ 3579/ 4000] elapsed 35644s eta  4193s  n=4096 hs run5
[ 3580/ 4000] elapsed 35677s eta  4186s  n=4233 hs run5
[ 3581/ 4000] elapsed 35711s eta  4179s  n=4376 hs run5
[ 3582/ 4000] elapsed 35747s eta  4172s  n=4522 hs run5
[ 3583/ 4000] elapsed 35784s eta  4165s  n=4674 hs run5
[ 3584/ 4000] elapsed 35823s eta  4159s  n=4831 hs run5
[ 3585/ 4000] elapsed 35865s eta  4152s  n=4993 hs run5
[ 3586/ 4000] elapsed 35907s eta  4146s  n=5161 hs run5
[ 3587/ 4000] elapsed 35952s eta  4140s  n=5334 hs run5
[ 3588/ 4000] elapsed 35998s eta  4134s  n=5513 hs run5
[ 3589/ 4000] elapsed 36047s eta  4129s  n=5698 hs run5
[ 3590/ 4000] elapsed 36098s eta  4123s  n=5889 hs run5
[ 3591/ 4000] elapsed 36150s eta  4118s  n=6087 hs run5
[ 3592/ 4000] elapsed 36206s eta  4113s  n=6291 hs run5
[ 3593/ 4000] elapsed 36263s eta  4108s  n=6502 hs run5
[ 3594/ 4000] elapsed 36323s eta  4104s  n=6720 hs run5
[ 3595/ 4000] elapsed 36386s eta  4100s  n=6946 hs run5
[ 3596/ 4000] elapsed 36451s eta  4096s  n=7179 hs run5
[ 3597/ 4000] elapsed 36519s eta  4092s  n=7420 hs run5
[ 3598/ 4000] elapsed 36590s eta  4089s  n=7669 hs run5
[ 3599/ 4000] elapsed 36664s eta  4086s  n=7926 hs run5
[ 3600/ 4000] elapsed 36741s eta  4083s  n=8192 hs run5
[ 3601/ 4000] elapsed 36821s eta  4080s  n=1    cb run5
[ 3602/ 4000] elapsed 36821s eta  4069s  n=2    cb run5
[ 3603/ 4000] elapsed 36821s eta  4058s  n=3    cb run5
[ 3604/ 4000] elapsed 36821s eta  4046s  n=4    cb run5
[ 3605/ 4000] elapsed 36821s eta  4035s  n=5    cb run5
[ 3606/ 4000] elapsed 36821s eta  4024s  n=6    cb run5
[ 3607/ 4000] elapsed 36821s eta  4012s  n=7    cb run5
[ 3608/ 4000] elapsed 36821s eta  4001s  n=8    cb run5
[ 3609/ 4000] elapsed 36821s eta  3990s  n=9    cb run5
[ 3610/ 4000] elapsed 36822s eta  3979s  n=10   cb run5
[ 3611/ 4000] elapsed 36822s eta  3967s  n=11   cb run5
[ 3612/ 4000] elapsed 36822s eta  3956s  n=12   cb run5
[ 3613/ 4000] elapsed 36822s eta  3945s  n=13   cb run5
[ 3614/ 4000] elapsed 36822s eta  3933s  n=14   cb run5
[ 3615/ 4000] elapsed 36822s eta  3922s  n=15   cb run5
[ 3616/ 4000] elapsed 36822s eta  3911s  n=16   cb run5
[ 3617/ 4000] elapsed 36822s eta  3900s  n=17   cb run5
[ 3618/ 4000] elapsed 36822s eta  3888s  n=18   cb run5
[ 3619/ 4000] elapsed 36822s eta  3877s  n=19   cb run5
[ 3620/ 4000] elapsed 36822s eta  3866s  n=20   cb run5
[ 3621/ 4000] elapsed 36823s eta  3855s  n=21   cb run5
[ 3622/ 4000] elapsed 36823s eta  3843s  n=22   cb run5
[ 3623/ 4000] elapsed 36823s eta  3832s  n=23   cb run5
[ 3624/ 4000] elapsed 36823s eta  3821s  n=24   cb run5
[ 3625/ 4000] elapsed 36823s eta  3810s  n=25   cb run5
[ 3626/ 4000] elapsed 36823s eta  3799s  n=26   cb run5
[ 3627/ 4000] elapsed 36823s eta  3787s  n=27   cb run5
[ 3628/ 4000] elapsed 36824s eta  3776s  n=28   cb run5
[ 3629/ 4000] elapsed 36824s eta  3765s  n=29   cb run5
[ 3630/ 4000] elapsed 36824s eta  3754s  n=30   cb run5
[ 3631/ 4000] elapsed 36824s eta  3743s  n=31   cb run5
[ 3632/ 4000] elapsed 36824s eta  3732s  n=32   cb run5
[ 3633/ 4000] elapsed 36825s eta  3721s  n=33   cb run5
[ 3634/ 4000] elapsed 36825s eta  3709s  n=34   cb run5
[ 3635/ 4000] elapsed 36825s eta  3698s  n=35   cb run5
[ 3636/ 4000] elapsed 36825s eta  3687s  n=37   cb run5
[ 3637/ 4000] elapsed 36825s eta  3676s  n=38   cb run5
[ 3638/ 4000] elapsed 36826s eta  3665s  n=39   cb run5
[ 3639/ 4000] elapsed 36826s eta  3654s  n=40   cb run5
[ 3640/ 4000] elapsed 36826s eta  3643s  n=42   cb run5
[ 3641/ 4000] elapsed 36826s eta  3632s  n=43   cb run5
[ 3642/ 4000] elapsed 36827s eta  3621s  n=45   cb run5
[ 3643/ 4000] elapsed 36827s eta  3609s  n=46   cb run5
[ 3644/ 4000] elapsed 36827s eta  3598s  n=48   cb run5
[ 3645/ 4000] elapsed 36827s eta  3587s  n=49   cb run5
[ 3646/ 4000] elapsed 36828s eta  3576s  n=51   cb run5
[ 3647/ 4000] elapsed 36828s eta  3565s  n=53   cb run5
[ 3648/ 4000] elapsed 36828s eta  3554s  n=54   cb run5
[ 3649/ 4000] elapsed 36829s eta  3543s  n=56   cb run5
[ 3650/ 4000] elapsed 36829s eta  3532s  n=58   cb run5
[ 3651/ 4000] elapsed 36829s eta  3521s  n=60   cb run5
[ 3652/ 4000] elapsed 36830s eta  3510s  n=62   cb run5
[ 3653/ 4000] elapsed 36830s eta  3499s  n=64   cb run5
[ 3654/ 4000] elapsed 36830s eta  3488s  n=66   cb run5
[ 3655/ 4000] elapsed 36831s eta  3477s  n=68   cb run5
[ 3656/ 4000] elapsed 36831s eta  3466s  n=71   cb run5
[ 3657/ 4000] elapsed 36832s eta  3455s  n=73   cb run5
[ 3658/ 4000] elapsed 36832s eta  3444s  n=75   cb run5
[ 3659/ 4000] elapsed 36833s eta  3433s  n=78   cb run5
[ 3660/ 4000] elapsed 36833s eta  3422s  n=81   cb run5
[ 3661/ 4000] elapsed 36834s eta  3411s  n=83   cb run5
[ 3662/ 4000] elapsed 36834s eta  3400s  n=86   cb run5
[ 3663/ 4000] elapsed 36835s eta  3389s  n=89   cb run5
[ 3664/ 4000] elapsed 36835s eta  3378s  n=92   cb run5
[ 3665/ 4000] elapsed 36836s eta  3367s  n=95   cb run5
[ 3666/ 4000] elapsed 36836s eta  3356s  n=98   cb run5
[ 3667/ 4000] elapsed 36837s eta  3346s  n=102  cb run5
[ 3668/ 4000] elapsed 36837s eta  3335s  n=105  cb run5
[ 3669/ 4000] elapsed 36838s eta  3324s  n=109  cb run5
[ 3670/ 4000] elapsed 36839s eta  3313s  n=112  cb run5
[ 3671/ 4000] elapsed 36839s eta  3302s  n=116  cb run5
[ 3672/ 4000] elapsed 36840s eta  3291s  n=120  cb run5
[ 3673/ 4000] elapsed 36841s eta  3280s  n=124  cb run5
[ 3674/ 4000] elapsed 36842s eta  3269s  n=128  cb run5
[ 3675/ 4000] elapsed 36842s eta  3259s  n=132  cb run5
[ 3676/ 4000] elapsed 36843s eta  3248s  n=137  cb run5
[ 3677/ 4000] elapsed 36844s eta  3237s  n=141  cb run5
[ 3678/ 4000] elapsed 36845s eta  3226s  n=146  cb run5
[ 3679/ 4000] elapsed 36846s eta  3215s  n=151  cb run5
[ 3680/ 4000] elapsed 36847s eta  3204s  n=156  cb run5
[ 3681/ 4000] elapsed 36848s eta  3194s  n=161  cb run5
[ 3682/ 4000] elapsed 36849s eta  3183s  n=167  cb run5
[ 3683/ 4000] elapsed 36850s eta  3172s  n=172  cb run5
[ 3684/ 4000] elapsed 36851s eta  3161s  n=178  cb run5
[ 3685/ 4000] elapsed 36852s eta  3151s  n=184  cb run5
[ 3686/ 4000] elapsed 36853s eta  3140s  n=190  cb run5
[ 3687/ 4000] elapsed 36854s eta  3129s  n=197  cb run5
[ 3688/ 4000] elapsed 36856s eta  3118s  n=203  cb run5
[ 3689/ 4000] elapsed 36857s eta  3108s  n=210  cb run5
[ 3690/ 4000] elapsed 36858s eta  3097s  n=217  cb run5
[ 3691/ 4000] elapsed 36859s eta  3086s  n=224  cb run5
[ 3692/ 4000] elapsed 36861s eta  3075s  n=232  cb run5
[ 3693/ 4000] elapsed 36862s eta  3065s  n=240  cb run5
[ 3694/ 4000] elapsed 36864s eta  3054s  n=248  cb run5
[ 3695/ 4000] elapsed 36865s eta  3043s  n=256  cb run5
[ 3696/ 4000] elapsed 36867s eta  3033s  n=265  cb run5
[ 3697/ 4000] elapsed 36869s eta  3022s  n=273  cb run5
[ 3698/ 4000] elapsed 36870s eta  3011s  n=283  cb run5
[ 3699/ 4000] elapsed 36872s eta  3001s  n=292  cb run5
[ 3700/ 4000] elapsed 36874s eta  2990s  n=302  cb run5
[ 3701/ 4000] elapsed 36876s eta  2979s  n=312  cb run5
[ 3702/ 4000] elapsed 36878s eta  2969s  n=323  cb run5
[ 3703/ 4000] elapsed 36880s eta  2958s  n=333  cb run5
[ 3704/ 4000] elapsed 36882s eta  2948s  n=345  cb run5
[ 3705/ 4000] elapsed 36885s eta  2937s  n=356  cb run5
[ 3706/ 4000] elapsed 36887s eta  2927s  n=368  cb run5
[ 3707/ 4000] elapsed 36889s eta  2916s  n=380  cb run5
[ 3708/ 4000] elapsed 36892s eta  2905s  n=393  cb run5
[ 3709/ 4000] elapsed 36894s eta  2895s  n=406  cb run5
[ 3710/ 4000] elapsed 36897s eta  2884s  n=420  cb run5
[ 3711/ 4000] elapsed 36900s eta  2874s  n=434  cb run5
[ 3712/ 4000] elapsed 36902s eta  2863s  n=449  cb run5
[ 3713/ 4000] elapsed 36905s eta  2853s  n=464  cb run5
[ 3714/ 4000] elapsed 36908s eta  2842s  n=479  cb run5
[ 3715/ 4000] elapsed 36912s eta  2832s  n=495  cb run5
[ 3716/ 4000] elapsed 36915s eta  2822s  n=512  cb run5
[ 3717/ 4000] elapsed 36918s eta  2811s  n=529  cb run5
[ 3718/ 4000] elapsed 36922s eta  2801s  n=547  cb run5
[ 3719/ 4000] elapsed 36926s eta  2790s  n=565  cb run5
[ 3720/ 4000] elapsed 36930s eta  2780s  n=584  cb run5
[ 3721/ 4000] elapsed 36934s eta  2770s  n=604  cb run5
[ 3722/ 4000] elapsed 36938s eta  2759s  n=624  cb run5
[ 3723/ 4000] elapsed 36943s eta  2749s  n=645  cb run5
[ 3724/ 4000] elapsed 36947s eta  2739s  n=667  cb run5
[ 3725/ 4000] elapsed 36952s eta  2728s  n=689  cb run5
[ 3726/ 4000] elapsed 36957s eta  2718s  n=712  cb run5
[ 3727/ 4000] elapsed 36962s eta  2708s  n=736  cb run5
[ 3728/ 4000] elapsed 36967s eta  2697s  n=761  cb run5
[ 3729/ 4000] elapsed 36973s eta  2687s  n=786  cb run5
[ 3730/ 4000] elapsed 36978s eta  2677s  n=813  cb run5
[ 3731/ 4000] elapsed 36984s eta  2667s  n=840  cb run5
[ 3732/ 4000] elapsed 36990s eta  2657s  n=868  cb run5
[ 3733/ 4000] elapsed 36997s eta  2646s  n=897  cb run5
[ 3734/ 4000] elapsed 37003s eta  2636s  n=927  cb run5
[ 3735/ 4000] elapsed 37010s eta  2626s  n=959  cb run5
[ 3736/ 4000] elapsed 37017s eta  2616s  n=991  cb run5
[ 3737/ 4000] elapsed 37024s eta  2606s  n=1024 cb run5
[ 3738/ 4000] elapsed 37031s eta  2596s  n=1058 cb run5
[ 3739/ 4000] elapsed 37039s eta  2586s  n=1094 cb run5
[ 3740/ 4000] elapsed 37047s eta  2576s  n=1131 cb run5
[ 3741/ 4000] elapsed 37055s eta  2566s  n=1169 cb run5
[ 3742/ 4000] elapsed 37064s eta  2556s  n=1208 cb run5
[ 3743/ 4000] elapsed 37073s eta  2546s  n=1248 cb run5
[ 3744/ 4000] elapsed 37082s eta  2536s  n=1290 cb run5
[ 3745/ 4000] elapsed 37092s eta  2526s  n=1333 cb run5
[ 3746/ 4000] elapsed 37102s eta  2516s  n=1378 cb run5
[ 3747/ 4000] elapsed 37112s eta  2506s  n=1424 cb run5
[ 3748/ 4000] elapsed 37122s eta  2496s  n=1472 cb run5
[ 3749/ 4000] elapsed 37133s eta  2486s  n=1522 cb run5
[ 3750/ 4000] elapsed 37145s eta  2476s  n=1573 cb run5
[ 3751/ 4000] elapsed 37156s eta  2467s  n=1625 cb run5
[ 3752/ 4000] elapsed 37168s eta  2457s  n=1680 cb run5
[ 3753/ 4000] elapsed 37180s eta  2447s  n=1736 cb run5
[ 3754/ 4000] elapsed 37193s eta  2437s  n=1795 cb run5
[ 3755/ 4000] elapsed 37207s eta  2428s  n=1855 cb run5
[ 3756/ 4000] elapsed 37221s eta  2418s  n=1917 cb run5
[ 3757/ 4000] elapsed 37235s eta  2408s  n=1982 cb run5
[ 3758/ 4000] elapsed 37250s eta  2399s  n=2048 cb run5
[ 3759/ 4000] elapsed 37266s eta  2389s  n=2117 cb run5
[ 3760/ 4000] elapsed 37282s eta  2380s  n=2188 cb run5
[ 3761/ 4000] elapsed 37299s eta  2370s  n=2261 cb run5
[ 3762/ 4000] elapsed 37316s eta  2361s  n=2337 cb run5
[ 3763/ 4000] elapsed 37334s eta  2351s  n=2415 cb run5
[ 3764/ 4000] elapsed 37352s eta  2342s  n=2497 cb run5
[ 3765/ 4000] elapsed 37371s eta  2333s  n=2580 cb run5
[ 3766/ 4000] elapsed 37391s eta  2323s  n=2667 cb run5
[ 3767/ 4000] elapsed 37412s eta  2314s  n=2756 cb run5
[ 3768/ 4000] elapsed 37433s eta  2305s  n=2849 cb run5
[ 3769/ 4000] elapsed 37455s eta  2296s  n=2945 cb run5
[ 3770/ 4000] elapsed 37478s eta  2287s  n=3043 cb run5
[ 3771/ 4000] elapsed 37502s eta  2277s  n=3145 cb run5
[ 3772/ 4000] elapsed 37526s eta  2268s  n=3251 cb run5
[ 3773/ 4000] elapsed 37551s eta  2259s  n=3360 cb run5
[ 3774/ 4000] elapsed 37577s eta  2250s  n=3473 cb run5
[ 3775/ 4000] elapsed 37605s eta  2241s  n=3589 cb run5
[ 3776/ 4000] elapsed 37633s eta  2233s  n=3710 cb run5
[ 3777/ 4000] elapsed 37662s eta  2224s  n=3834 cb run5
[ 3778/ 4000] elapsed 37692s eta  2215s  n=3963 cb run5
[ 3779/ 4000] elapsed 37724s eta  2206s  n=4096 cb run5
[ 3780/ 4000] elapsed 37758s eta  2198s  n=4233 cb run5
[ 3781/ 4000] elapsed 37793s eta  2189s  n=4376 cb run5
[ 3782/ 4000] elapsed 37829s eta  2181s  n=4522 cb run5
[ 3783/ 4000] elapsed 37866s eta  2172s  n=4674 cb run5
[ 3784/ 4000] elapsed 37906s eta  2164s  n=4831 cb run5
[ 3785/ 4000] elapsed 37947s eta  2156s  n=4993 cb run5
[ 3786/ 4000] elapsed 37990s eta  2147s  n=5161 cb run5
[ 3787/ 4000] elapsed 38036s eta  2139s  n=5334 cb run5
[ 3788/ 4000] elapsed 38083s eta  2131s  n=5513 cb run5
[ 3789/ 4000] elapsed 38132s eta  2124s  n=5698 cb run5
[ 3790/ 4000] elapsed 38183s eta  2116s  n=5889 cb run5
[ 3791/ 4000] elapsed 38237s eta  2108s  n=6087 cb run5
[ 3792/ 4000] elapsed 38292s eta  2100s  n=6291 cb run5
[ 3793/ 4000] elapsed 38351s eta  2093s  n=6502 cb run5
[ 3794/ 4000] elapsed 38412s eta  2086s  n=6720 cb run5
[ 3795/ 4000] elapsed 38475s eta  2078s  n=6946 cb run5
[ 3796/ 4000] elapsed 38541s eta  2071s  n=7179 cb run5
[ 3797/ 4000] elapsed 38609s eta  2064s  n=7420 cb run5
[ 3798/ 4000] elapsed 38682s eta  2057s  n=7669 cb run5
[ 3799/ 4000] elapsed 38756s eta  2051s  n=7926 cb run5
[ 3800/ 4000] elapsed 38834s eta  2044s  n=8192 cb run5
[ 3801/ 4000] elapsed 38915s eta  2037s  n=1    cs run5
[ 3802/ 4000] elapsed 38915s eta  2027s  n=2    cs run5
[ 3803/ 4000] elapsed 38915s eta  2016s  n=3    cs run5
[ 3804/ 4000] elapsed 38915s eta  2005s  n=4    cs run5
[ 3805/ 4000] elapsed 38915s eta  1994s  n=5    cs run5
[ 3806/ 4000] elapsed 38915s eta  1984s  n=6    cs run5
[ 3807/ 4000] elapsed 38915s eta  1973s  n=7    cs run5
[ 3808/ 4000] elapsed 38915s eta  1962s  n=8    cs run5
[ 3809/ 4000] elapsed 38916s eta  1951s  n=9    cs run5
[ 3810/ 4000] elapsed 38916s eta  1941s  n=10   cs run5
[ 3811/ 4000] elapsed 38916s eta  1930s  n=11   cs run5
[ 3812/ 4000] elapsed 38916s eta  1919s  n=12   cs run5
[ 3813/ 4000] elapsed 38916s eta  1909s  n=13   cs run5
[ 3814/ 4000] elapsed 38916s eta  1898s  n=14   cs run5
[ 3815/ 4000] elapsed 38916s eta  1887s  n=15   cs run5
[ 3816/ 4000] elapsed 38916s eta  1876s  n=16   cs run5
[ 3817/ 4000] elapsed 38916s eta  1866s  n=17   cs run5
[ 3818/ 4000] elapsed 38916s eta  1855s  n=18   cs run5
[ 3819/ 4000] elapsed 38916s eta  1844s  n=19   cs run5
[ 3820/ 4000] elapsed 38917s eta  1834s  n=20   cs run5
[ 3821/ 4000] elapsed 38917s eta  1823s  n=21   cs run5
[ 3822/ 4000] elapsed 38917s eta  1812s  n=22   cs run5
[ 3823/ 4000] elapsed 38917s eta  1802s  n=23   cs run5
[ 3824/ 4000] elapsed 38917s eta  1791s  n=24   cs run5
[ 3825/ 4000] elapsed 38917s eta  1780s  n=25   cs run5
[ 3826/ 4000] elapsed 38917s eta  1770s  n=26   cs run5
[ 3827/ 4000] elapsed 38918s eta  1759s  n=27   cs run5
[ 3828/ 4000] elapsed 38918s eta  1749s  n=28   cs run5
[ 3829/ 4000] elapsed 38918s eta  1738s  n=29   cs run5
[ 3830/ 4000] elapsed 38918s eta  1727s  n=30   cs run5
[ 3831/ 4000] elapsed 38918s eta  1717s  n=31   cs run5
[ 3832/ 4000] elapsed 38918s eta  1706s  n=32   cs run5
[ 3833/ 4000] elapsed 38919s eta  1696s  n=33   cs run5
[ 3834/ 4000] elapsed 38919s eta  1685s  n=34   cs run5
[ 3835/ 4000] elapsed 38919s eta  1674s  n=35   cs run5
[ 3836/ 4000] elapsed 38919s eta  1664s  n=37   cs run5
[ 3837/ 4000] elapsed 38919s eta  1653s  n=38   cs run5
[ 3838/ 4000] elapsed 38920s eta  1643s  n=39   cs run5
[ 3839/ 4000] elapsed 38920s eta  1632s  n=40   cs run5
[ 3840/ 4000] elapsed 38920s eta  1622s  n=42   cs run5
[ 3841/ 4000] elapsed 38920s eta  1611s  n=43   cs run5
[ 3842/ 4000] elapsed 38921s eta  1601s  n=45   cs run5
[ 3843/ 4000] elapsed 38921s eta  1590s  n=46   cs run5
[ 3844/ 4000] elapsed 38921s eta  1579s  n=48   cs run5
[ 3845/ 4000] elapsed 38921s eta  1569s  n=49   cs run5
[ 3846/ 4000] elapsed 38922s eta  1558s  n=51   cs run5
[ 3847/ 4000] elapsed 38922s eta  1548s  n=53   cs run5
[ 3848/ 4000] elapsed 38922s eta  1537s  n=54   cs run5
[ 3849/ 4000] elapsed 38923s eta  1527s  n=56   cs run5
[ 3850/ 4000] elapsed 38923s eta  1516s  n=58   cs run5
[ 3851/ 4000] elapsed 38923s eta  1506s  n=60   cs run5
[ 3852/ 4000] elapsed 38924s eta  1495s  n=62   cs run5
[ 3853/ 4000] elapsed 38924s eta  1485s  n=64   cs run5
[ 3854/ 4000] elapsed 38924s eta  1474s  n=66   cs run5
[ 3855/ 4000] elapsed 38925s eta  1464s  n=68   cs run5
[ 3856/ 4000] elapsed 38925s eta  1454s  n=71   cs run5
[ 3857/ 4000] elapsed 38926s eta  1443s  n=73   cs run5
[ 3858/ 4000] elapsed 38926s eta  1433s  n=75   cs run5
[ 3859/ 4000] elapsed 38927s eta  1422s  n=78   cs run5
[ 3860/ 4000] elapsed 38927s eta  1412s  n=81   cs run5
[ 3861/ 4000] elapsed 38928s eta  1401s  n=83   cs run5
[ 3862/ 4000] elapsed 38928s eta  1391s  n=86   cs run5
[ 3863/ 4000] elapsed 38929s eta  1380s  n=89   cs run5
[ 3864/ 4000] elapsed 38929s eta  1370s  n=92   cs run5
[ 3865/ 4000] elapsed 38930s eta  1360s  n=95   cs run5
[ 3866/ 4000] elapsed 38930s eta  1349s  n=98   cs run5
[ 3867/ 4000] elapsed 38931s eta  1339s  n=102  cs run5
[ 3868/ 4000] elapsed 38932s eta  1328s  n=105  cs run5
[ 3869/ 4000] elapsed 38932s eta  1318s  n=109  cs run5
[ 3870/ 4000] elapsed 38933s eta  1308s  n=112  cs run5
[ 3871/ 4000] elapsed 38934s eta  1297s  n=116  cs run5
[ 3872/ 4000] elapsed 38934s eta  1287s  n=120  cs run5
[ 3873/ 4000] elapsed 38935s eta  1277s  n=124  cs run5
[ 3874/ 4000] elapsed 38936s eta  1266s  n=128  cs run5
[ 3875/ 4000] elapsed 38937s eta  1256s  n=132  cs run5
[ 3876/ 4000] elapsed 38937s eta  1245s  n=137  cs run5
[ 3877/ 4000] elapsed 38938s eta  1235s  n=141  cs run5
[ 3878/ 4000] elapsed 38939s eta  1225s  n=146  cs run5
[ 3879/ 4000] elapsed 38940s eta  1214s  n=151  cs run5
[ 3880/ 4000] elapsed 38941s eta  1204s  n=156  cs run5
[ 3881/ 4000] elapsed 38942s eta  1194s  n=161  cs run5
[ 3882/ 4000] elapsed 38943s eta  1184s  n=167  cs run5
[ 3883/ 4000] elapsed 38944s eta  1173s  n=172  cs run5
[ 3884/ 4000] elapsed 38945s eta  1163s  n=178  cs run5
[ 3885/ 4000] elapsed 38947s eta  1153s  n=184  cs run5
[ 3886/ 4000] elapsed 38948s eta  1142s  n=190  cs run5
[ 3887/ 4000] elapsed 38949s eta  1132s  n=197  cs run5
[ 3888/ 4000] elapsed 38950s eta  1122s  n=203  cs run5
[ 3889/ 4000] elapsed 38952s eta  1112s  n=210  cs run5
[ 3890/ 4000] elapsed 38953s eta  1101s  n=217  cs run5
[ 3891/ 4000] elapsed 38954s eta  1091s  n=224  cs run5
[ 3892/ 4000] elapsed 38956s eta  1081s  n=232  cs run5
[ 3893/ 4000] elapsed 38957s eta  1071s  n=240  cs run5
[ 3894/ 4000] elapsed 38959s eta  1060s  n=248  cs run5
[ 3895/ 4000] elapsed 38961s eta  1050s  n=256  cs run5
[ 3896/ 4000] elapsed 38962s eta  1040s  n=265  cs run5
[ 3897/ 4000] elapsed 38964s eta  1030s  n=273  cs run5
[ 3898/ 4000] elapsed 38966s eta  1019s  n=283  cs run5
[ 3899/ 4000] elapsed 38968s eta  1009s  n=292  cs run5
[ 3900/ 4000] elapsed 38970s eta   999s  n=302  cs run5
[ 3901/ 4000] elapsed 38972s eta   989s  n=312  cs run5
[ 3902/ 4000] elapsed 38974s eta   979s  n=323  cs run5
[ 3903/ 4000] elapsed 38976s eta   968s  n=333  cs run5
[ 3904/ 4000] elapsed 38979s eta   958s  n=345  cs run5
[ 3905/ 4000] elapsed 38981s eta   948s  n=356  cs run5
[ 3906/ 4000] elapsed 38984s eta   938s  n=368  cs run5
[ 3907/ 4000] elapsed 38986s eta   928s  n=380  cs run5
[ 3908/ 4000] elapsed 38989s eta   918s  n=393  cs run5
[ 3909/ 4000] elapsed 38992s eta   907s  n=406  cs run5
[ 3910/ 4000] elapsed 38995s eta   897s  n=420  cs run5
[ 3911/ 4000] elapsed 38999s eta   887s  n=434  cs run5
[ 3912/ 4000] elapsed 39002s eta   877s  n=449  cs run5
[ 3913/ 4000] elapsed 39006s eta   867s  n=464  cs run5
[ 3914/ 4000] elapsed 39009s eta   857s  n=479  cs run5
[ 3915/ 4000] elapsed 39013s eta   847s  n=495  cs run5
[ 3916/ 4000] elapsed 39016s eta   837s  n=512  cs run5
[ 3917/ 4000] elapsed 39020s eta   827s  n=529  cs run5
[ 3918/ 4000] elapsed 39024s eta   816s  n=547  cs run5
[ 3919/ 4000] elapsed 39028s eta   806s  n=565  cs run5
[ 3920/ 4000] elapsed 39032s eta   796s  n=584  cs run5
[ 3921/ 4000] elapsed 39036s eta   786s  n=604  cs run5
[ 3922/ 4000] elapsed 39041s eta   776s  n=624  cs run5
[ 3923/ 4000] elapsed 39045s eta   766s  n=645  cs run5
[ 3924/ 4000] elapsed 39050s eta   756s  n=667  cs run5
[ 3925/ 4000] elapsed 39055s eta   746s  n=689  cs run5
[ 3926/ 4000] elapsed 39060s eta   736s  n=712  cs run5
[ 3927/ 4000] elapsed 39065s eta   726s  n=736  cs run5
[ 3928/ 4000] elapsed 39070s eta   716s  n=761  cs run5
[ 3929/ 4000] elapsed 39076s eta   706s  n=786  cs run5
[ 3930/ 4000] elapsed 39082s eta   696s  n=813  cs run5
[ 3931/ 4000] elapsed 39087s eta   686s  n=840  cs run5
[ 3932/ 4000] elapsed 39093s eta   676s  n=868  cs run5
[ 3933/ 4000] elapsed 39099s eta   666s  n=897  cs run5
[ 3934/ 4000] elapsed 39106s eta   656s  n=927  cs run5
[ 3935/ 4000] elapsed 39112s eta   646s  n=959  cs run5
[ 3936/ 4000] elapsed 39119s eta   636s  n=991  cs run5
[ 3937/ 4000] elapsed 39126s eta   626s  n=1024 cs run5
[ 3938/ 4000] elapsed 39134s eta   616s  n=1058 cs run5
[ 3939/ 4000] elapsed 39142s eta   606s  n=1094 cs run5
[ 3940/ 4000] elapsed 39150s eta   596s  n=1131 cs run5
[ 3941/ 4000] elapsed 39158s eta   586s  n=1169 cs run5
[ 3942/ 4000] elapsed 39167s eta   576s  n=1208 cs run5
[ 3943/ 4000] elapsed 39176s eta   566s  n=1248 cs run5
[ 3944/ 4000] elapsed 39185s eta   556s  n=1290 cs run5
[ 3945/ 4000] elapsed 39195s eta   546s  n=1333 cs run5
[ 3946/ 4000] elapsed 39205s eta   536s  n=1378 cs run5
[ 3947/ 4000] elapsed 39216s eta   526s  n=1424 cs run5
[ 3948/ 4000] elapsed 39230s eta   516s  n=1472 cs run5
[ 3949/ 4000] elapsed 39243s eta   506s  n=1522 cs run5
[ 3950/ 4000] elapsed 39257s eta   497s  n=1573 cs run5
[ 3951/ 4000] elapsed 39271s eta   487s  n=1625 cs run5
[ 3952/ 4000] elapsed 39284s eta   477s  n=1680 cs run5
[ 3953/ 4000] elapsed 39297s eta   467s  n=1736 cs run5
[ 3954/ 4000] elapsed 39311s eta   457s  n=1795 cs run5
[ 3955/ 4000] elapsed 39324s eta   447s  n=1855 cs run5
[ 3956/ 4000] elapsed 39338s eta   437s  n=1917 cs run5
[ 3957/ 4000] elapsed 39354s eta   427s  n=1982 cs run5
[ 3958/ 4000] elapsed 39370s eta   417s  n=2048 cs run5
[ 3959/ 4000] elapsed 39386s eta   407s  n=2117 cs run5
[ 3960/ 4000] elapsed 39403s eta   398s  n=2188 cs run5
[ 3961/ 4000] elapsed 39421s eta   388s  n=2261 cs run5
[ 3962/ 4000] elapsed 39439s eta   378s  n=2337 cs run5
[ 3963/ 4000] elapsed 39458s eta   368s  n=2415 cs run5
[ 3964/ 4000] elapsed 39477s eta   358s  n=2497 cs run5
[ 3965/ 4000] elapsed 39497s eta   348s  n=2580 cs run5
[ 3966/ 4000] elapsed 39516s eta   338s  n=2667 cs run5
[ 3967/ 4000] elapsed 39536s eta   328s  n=2756 cs run5
[ 3968/ 4000] elapsed 39557s eta   319s  n=2849 cs run5
[ 3969/ 4000] elapsed 39579s eta   309s  n=2945 cs run5
[ 3970/ 4000] elapsed 39601s eta   299s  n=3043 cs run5
[ 3971/ 4000] elapsed 39625s eta   289s  n=3145 cs run5
[ 3972/ 4000] elapsed 39649s eta   279s  n=3251 cs run5
[ 3973/ 4000] elapsed 39674s eta   269s  n=3360 cs run5
[ 3974/ 4000] elapsed 39702s eta   259s  n=3473 cs run5
[ 3975/ 4000] elapsed 39735s eta   249s  n=3589 cs run5
[ 3976/ 4000] elapsed 39766s eta   240s  n=3710 cs run5
[ 3977/ 4000] elapsed 39797s eta   230s  n=3834 cs run5
[ 3978/ 4000] elapsed 39828s eta   220s  n=3963 cs run5
[ 3979/ 4000] elapsed 39862s eta   210s  n=4096 cs run5
[ 3980/ 4000] elapsed 39897s eta   200s  n=4233 cs run5
[ 3981/ 4000] elapsed 39931s eta   190s  n=4376 cs run5
[ 3982/ 4000] elapsed 39966s eta   180s  n=4522 cs run5
[ 3983/ 4000] elapsed 40003s eta   170s  n=4674 cs run5
[ 3984/ 4000] elapsed 40042s eta   160s  n=4831 cs run5
[ 3985/ 4000] elapsed 40083s eta   150s  n=4993 cs run5
[ 3986/ 4000] elapsed 40126s eta   140s  n=5161 cs run5
[ 3987/ 4000] elapsed 40171s eta   131s  n=5334 cs run5
[ 3988/ 4000] elapsed 40218s eta   121s  n=5513 cs run5
[ 3989/ 4000] elapsed 40266s eta   111s  n=5698 cs run5
[ 3990/ 4000] elapsed 40318s eta   101s  n=5889 cs run5
[ 3991/ 4000] elapsed 40372s eta    91s  n=6087 cs run5
[ 3992/ 4000] elapsed 40427s eta    81s  n=6291 cs run5
[ 3993/ 4000] elapsed 40486s eta    70s  n=6502 cs run5
[ 3994/ 4000] elapsed 40547s eta    60s  n=6720 cs run5
[ 3995/ 4000] elapsed 40610s eta    50s  n=6946 cs run5
[ 3996/ 4000] elapsed 40676s eta    40s  n=7179 cs run5
[ 3997/ 4000] elapsed 40745s eta    30s  n=7420 cs run5
[ 3998/ 4000] elapsed 40816s eta    20s  n=7669 cs run5
[ 3999/ 4000] elapsed 40890s eta    10s  n=7926 cs run5
[ 4000/ 4000] elapsed 40967s eta     0s  n=8192 cs run5
sweep complete: 4000 invocations in 41047s
